-- MySQL dump 10.14  Distrib 5.5.68-MariaDB, for Linux (x86_64)
--
-- Host: localhost    Database: mytestblog
-- ------------------------------------------------------
-- Server version	5.5.68-MariaDB

/*!40101 SET @OLD_CHARACTER_SET_CLIENT=@@CHARACTER_SET_CLIENT */;
/*!40101 SET @OLD_CHARACTER_SET_RESULTS=@@CHARACTER_SET_RESULTS */;
/*!40101 SET @OLD_COLLATION_CONNECTION=@@COLLATION_CONNECTION */;
/*!40101 SET NAMES utf8 */;
/*!40103 SET @OLD_TIME_ZONE=@@TIME_ZONE */;
/*!40103 SET TIME_ZONE='+00:00' */;
/*!40014 SET @OLD_UNIQUE_CHECKS=@@UNIQUE_CHECKS, UNIQUE_CHECKS=0 */;
/*!40014 SET @OLD_FOREIGN_KEY_CHECKS=@@FOREIGN_KEY_CHECKS, FOREIGN_KEY_CHECKS=0 */;
/*!40101 SET @OLD_SQL_MODE=@@SQL_MODE, SQL_MODE='NO_AUTO_VALUE_ON_ZERO' */;
/*!40111 SET @OLD_SQL_NOTES=@@SQL_NOTES, SQL_NOTES=0 */;

--
-- Table structure for table `about`
--

DROP TABLE IF EXISTS `about`;
/*!40101 SET @saved_cs_client     = @@character_set_client */;
/*!40101 SET character_set_client = utf8 */;
CREATE TABLE `about` (
  `id` int(11) NOT NULL AUTO_INCREMENT,
  `text` text NOT NULL,
  PRIMARY KEY (`id`)
) ENGINE=InnoDB AUTO_INCREMENT=2 DEFAULT CHARSET=utf8;
/*!40101 SET character_set_client = @saved_cs_client */;

--
-- Dumping data for table `about`
--

LOCK TABLES `about` WRITE;
/*!40000 ALTER TABLE `about` DISABLE KEYS */;
INSERT INTO `about` VALUES (1,'Lorem ipsum dolor sit amet, consectetur adipiscing elit, sed do eiusmod tempor incididunt ut labore et dolore magna aliqua. Ut enim ad minim veniam, quis nostrud exercitation ullamco laboris nisi ut aliquip ex ea commodo consequat.');
/*!40000 ALTER TABLE `about` ENABLE KEYS */;
UNLOCK TABLES;

--
-- Table structure for table `categorys`
--

DROP TABLE IF EXISTS `categorys`;
/*!40101 SET @saved_cs_client     = @@character_set_client */;
/*!40101 SET character_set_client = utf8 */;
CREATE TABLE `categorys` (
  `id` int(11) NOT NULL AUTO_INCREMENT,
  `name` varchar(128) NOT NULL,
  PRIMARY KEY (`id`)
) ENGINE=InnoDB AUTO_INCREMENT=12 DEFAULT CHARSET=utf8;
/*!40101 SET character_set_client = @saved_cs_client */;

--
-- Dumping data for table `categorys`
--

LOCK TABLES `categorys` WRITE;
/*!40000 ALTER TABLE `categorys` DISABLE KEYS */;
INSERT INTO `categorys` VALUES (1,'категория 1'),(2,'категория 2'),(3,'категория 3');
/*!40000 ALTER TABLE `categorys` ENABLE KEYS */;
UNLOCK TABLES;

--
-- Table structure for table `comments`
--

DROP TABLE IF EXISTS `comments`;
/*!40101 SET @saved_cs_client     = @@character_set_client */;
/*!40101 SET character_set_client = utf8 */;
CREATE TABLE `comments` (
  `id` int(11) NOT NULL AUTO_INCREMENT,
  `title` varchar(128) NOT NULL,
  `content` text NOT NULL,
  `author` int(11) NOT NULL,
  `updated_at` datetime NOT NULL,
  `created_at` datetime NOT NULL,
  `parent` int(11) NOT NULL DEFAULT '0',
  `postid` int(11) NOT NULL,
  `moderated` tinyint(1) NOT NULL DEFAULT '0',
  PRIMARY KEY (`id`),
  KEY `author` (`author`),
  KEY `postid` (`postid`),
  KEY `parent` (`parent`),
  CONSTRAINT `comments_ibfk_1` FOREIGN KEY (`author`) REFERENCES `users` (`id`),
  CONSTRAINT `comments_ibfk_2` FOREIGN KEY (`postid`) REFERENCES `posts` (`id`)
) ENGINE=InnoDB AUTO_INCREMENT=53 DEFAULT CHARSET=utf8;
/*!40101 SET character_set_client = @saved_cs_client */;

--
-- Dumping data for table `comments`
--

LOCK TABLES `comments` WRITE;
/*!40000 ALTER TABLE `comments` DISABLE KEYS */;
INSERT INTO `comments` VALUES (1,'тестовый коментарий 1','тестовый коментарий 1тестовый коментарий 1тестовый коментарий 1тестовый коментарий 1тестовый коментарий 1тестовый коментарий 1тестовый коментарий 1тестовый коментарий 1тестовый коментарий 1тестовый коментарий 1тестовый коментарий 1тестовый коментарий 1тестовый коментарий 1тестовый коментарий 1тестовый коментарий 1',1,'2020-08-21 00:00:00','2020-08-21 00:00:00',0,1,0),(2,'тестовый комментарий 2','тестовый комментарий 2 тестовый комментарий 2 тестовый комментарий 2 тестовый комментарий 2 тестовый комментарий 2 тестовый комментарий 2 тестовый комментарий 2 тестовый комментарий 2',2,'2020-08-19 00:00:00','2020-08-19 00:00:00',1,1,0),(3,'тестовый комментарий 3','тестовый комментарий 3 тестовый комментарий 3 тестовый комментарий 3 тестовый комментарий 3 тестовый комментарий 3 тестовый комментарий 3 тестовый комментарий 3 тестовый комментарий 3 тестовый комментарий 3',1,'2020-08-12 00:00:00','2020-08-20 00:00:00',2,1,0),(4,'тестовый коментарий 4','тестовый коментарий 4 тестовый коментарий 4 тестовый коментарий 4 тестовый коментарий 4 тестовый коментарий 4 тестовый коментарий 4 тестовый коментарий 4 тестовый коментарий 4 тестовый коментарий 4',3,'2020-08-19 00:00:00','2020-08-19 00:00:00',3,1,0),(5,'тестовый коммемтакрий 5','тестовый коммемтакрий 5 тестовый коммемтакрий 5 тестовый коммемтакрий 5 тестовый коммемтакрий 5 тестовый коммемтакрий 5 тестовый коммемтакрий 5 тестовый коммемтакрий 5 тестовый коммемтакрий 5 тестовый коммемтакрий 5',2,'2020-08-20 00:00:00','2020-08-20 00:00:00',4,1,0),(6,'тестовый коментарий 6','vтестовый коментарий 6тестовый коментарий 6тестовый коментарий 6тестовый коментарий 6тестовый коментарий 6тестовый коментарий 6тестовый коментарий 6тестовый коментарий 6тестовый коментарий 6тестовый коментарий 6тестовый коментарий 6',1,'2020-08-25 00:00:00','2020-08-17 00:00:00',2,1,0),(7,'тестовый коментарий 7','тестовый коментарий 7тестовый коментарий 7тестовый коментарий 7тестовый коментарий 7тестовый коментарий 7тестовый коментарий 7тестовый коментарий 7тестовый коментарий 7тестовый коментарий 7тестовый коментарий 7тестовый коментарий 7тестовый коментарий 7тестовый коментарий 7тестовый коментарий 7тестовый коментарий 7тестовый коментарий 7тестовый коментарий 7тестовый коментарий 7тестовый коментарий 7тестовый коментарий 7тестовый коментарий 7тестовый коментарий 7тестовый коментарий 7тестовый коментарий 7тестовый коментарий 7тестовый коментарий 7тестовый коментарий 7',3,'2020-08-24 00:00:00','2020-08-24 00:00:00',5,1,0),(8,'тестовый коментарий 8','тестовый коментарий 8тестовый коментарий 8тестовый коментарий 8тестовый коментарий 8тестовый коментарий 8тестовый коментарий 8тестовый коментарий 8тестовый коментарий 8тестовый коментарий 8тестовый коментарий 8тестовый коментарий 8тестовый коментарий 8',2,'2020-08-24 00:00:00','2020-08-24 00:00:00',6,1,0),(16,'тестовый коментарий 16','hgfjhgfhgh hgfjhgfhgh hgfjhgfhgh hgfjhgfhgh hgfjhgfhgh hgfjhgfhgh hgfjhgfhgh hgfjhgfhgh hgfjhgfhgh hgfjhgfhgh hgfjhgfhgh hgfjhgfhgh hgfjhgfhgh hgfjhgfhgh hgfjhgfhgh hgfjhgfhgh hgfjhgfhgh hgfjhgfhgh hgfjhgfhgh hgfjhgfhgh hgfjhgfhgh ',3,'2020-08-27 00:00:00','2020-08-27 00:00:00',3,1,0),(17,'тестовый коментарий 17','тестовый коментарий 10тестовый коментарий 10тестовый коментарий 10тестовый коментарий 10тестовый коментарий 10тестовый коментарий 10тестовый коментарий 10тестовый коментарий 10тестовый коментарий 10тестовый коментарий 10тестовый коментарий 10',1,'2020-08-27 00:00:00','2020-08-27 00:00:00',3,1,0),(18,'тестовый коментарий 18','тестовый коментарий 11тестовый коментарий 11тестовый коментарий 11тестовый коментарий 11тестовый коментарий 11тестовый коментарий 11тестовый коментарий 11тестовый коментарий 11тестовый коментарий 11тестовый коментарий 11',1,'2020-08-27 00:00:00','2020-08-27 00:00:00',0,1,0),(19,'тестовый коментарий 19','тестовый коментарий 12тестовый коментарий 12тестовый коментарий 12тестовый коментарий 12тестовый коментарий 12тестовый коментарий 12тестовый коментарий 12тестовый коментарий 12тестовый коментарий 12тестовый коментарий 12',2,'2020-08-27 00:00:00','2020-08-27 00:00:00',1,1,0),(20,'тестовый коментарий 20','тестовый коментарий 13тестовый коментарий 13тестовый коментарий 13тестовый коментарий 13тестовый коментарий 13тестовый коментарий 13тестовый коментарий 13тестовый коментарий 13тестовый коментарий 13',1,'2020-08-27 00:00:00','2020-08-27 00:00:00',2,1,0),(21,'тестовый коментарий 21','тестовый коментарий 14тестовый коментарий 14тестовый коментарий 14тестовый коментарий 14тестовый коментарий 14тестовый коментарий 14тестовый коментарий 14тестовый коментарий 14тестовый коментарий 14тестовый коментарий 14',2,'2020-08-27 00:00:00','2020-08-27 00:00:00',0,1,0),(22,'тестовый коментарий 22','тестовый коментарий 15тестовый коментарий 15тестовый коментарий 15тестовый коментарий 15тестовый коментарий 15тестовый коментарий 15тестовый коментарий 15тестовый коментарий 15тестовый коментарий 15',3,'2020-08-27 00:00:00','2020-08-27 00:00:00',4,1,0),(23,'jhgjh','jhgjh',1,'2020-09-04 00:00:00','2020-09-04 00:00:00',0,1,0),(24,'wefwefwef','gergerge',1,'2020-09-04 00:00:00','2020-09-04 00:00:00',0,1,0),(25,'ответ на коментарий 16','ответ на коментарий 16ответ на коментарий 16ответ на коментарий 16ответ на коментарий 16ответ на коментарий 16ответ на коментарий 16ответ на коментарий 16ответ на коментарий 16ответ на коментарий 16',1,'2020-09-06 00:00:00','2020-09-06 00:00:00',16,1,0),(28,'тестовый коммент от админа','тестовый коммент от админатестовый коммент от админатестовый коммент от админатестовый коммент от админатестовый коммент от админатестовый коммент от админатестовый коммент от админатестовый коммент от админа',1,'2020-11-12 12:10:55','2020-09-08 00:00:00',0,1,1),(29,'kjhjgjhgjkhg','jhgjgjkkgj',1,'2020-11-12 12:07:47','2020-09-08 00:00:00',0,1,1),(32,'вот так мы поменяли комментарий','Я старался, и даже что-то получилось.',1,'2020-11-12 12:07:53','2020-09-08 00:00:00',0,1,1),(33,'Комментарий проверка','Проверка ПроверкаПроверкаПроверкаПроверкаПроверкаПроверка \r\nenean ac lorem eu sapien feugiat placerat. Vestibulum eu tellus est. Suspendisse in vehicula diam. In vitae placerat nunc, vitae tincidunt nibh. Fusce leo nisl, faucibus ac ante vel, ornare consectetur ligula. Vivamus vitae urna in tellus vehicula posuere. Sed leo erat, convallis in pretium interdum, interdum non dolor. Suspendisse lacinia eros dolor, non consectetur nulla commodo non. Aenean aliquet, urna vitae aliquam bibendum, turpis elit suscipit sapien, ac egestas nunc augue vitae lacus. Aenean consectetur ac elit eget malesuada. Maecenas pulvinar dictum mi eu finibus. Duis at nunc sagittis, tempor justo in, euismod enim. Quisque a dictum justo, at finibus dui. Maecenas ut tortor nibh. Nulla mattis vestibulum lorem id fringilla. Cras vehicula posuere tortor commodo ultricies.\r\n\r\nCras ante nisi, blandit nec ante vel, luctus commodo nisl. Nullam est ante, scelerisque eu magna et, consectetur rhoncus quam. Phasellus efficitur, lacus vitae tristique accumsan, ',1,'2020-09-12 00:00:00','2020-09-08 00:00:00',0,3,0),(34,'Вот такой заголовок комментария','Лорем ипсум долор сит амет, коссэктетур диспайсинг элит. Курабитур ут финигус лагус. Крас финибус эст нон сэм вулпутат иакулис.',1,'2020-09-12 00:00:00','2020-09-08 00:00:00',0,3,0),(36,'Коментарий к этому посту','ну надо же хоть что то написать.',1,'2020-09-12 00:00:00','2020-09-12 00:00:00',0,4,0),(37,'Гость прилетел и оставил тут это','трам парам парам парам',1,'2020-09-12 00:00:00','2020-09-12 00:00:00',36,4,0),(39,'тестовый коммент от админа 01','тестовый коммент от админа 01тестовый коммент от админа 01тестовый коммент от админа 01тестовый коммент от админа 01тестовый коммент от админа 01тестовый коммент от админа 01тестовый коммент от админа 01тестовый коммент от админа 01тестовый коммент от админа 01',1,'2020-10-08 00:00:00','2020-10-08 00:00:00',0,2,0),(40,'Вот такой заголовок комментария новый','Lorem ipsum dolor sit amet, consectetur adipiscing elit. Nulla eu ipsum in augue scelerisque consectetur quis eget purus. Nunc eu mauris vehicula purus mattis hendrerit quis non enim. Vivamus laoreet dignissim massa, a molestie turpis pretium quis. Maecenas porttitor posuere orci, sed maximus quam tristique quis. Vestibulum id massa vitae orci tempus tempus quis quis ex. Cras dictum lorem in pharetra sagittis. Sed fermentum lacinia mattis. Etiam ultrices nulla sed enim rutrum gravida. Interdum et malesuada fames ac ante ipsum primis in faucibus. Aliquam',1,'2020-11-01 00:00:00','2020-10-10 00:00:00',0,50,0),(41,'вот тема!','Lorem ipsum dolor sit amet, consectetur adipiscing elit. Nulla eu ipsum in augue scelerisque consectetur quis eget purus. Nunc eu mauris vehicula purus mattis hendrerit quis non enim. Vivamus laoreet dignissim massa, a molestie turpis pretium quis. Maecenas porttitor posuere orci, sed maximus quam tristique quis. Vestibulum id massa vitae orci tempus tempus quis quis ex. Cras dictum lorem in pharetra sagittis. Sed fermentum lacinia mattis. Etiam ultrices nulla sed enim rutrum gravida. Interdum et malesuada fames ac ante ipsum primis in faucibus. Aliquam',1,'2020-10-10 00:00:00','2020-10-10 00:00:00',40,50,0),(42,'комент номер два','Lorem ipsum dolor sit amet, consectetur adipiscing elit. Nulla eu ipsum in augue scelerisque consectetur quis eget purus. Nunc eu mauris vehicula purus mattis hendrerit quis non enim. ',1,'2020-10-10 00:00:00','2020-10-10 00:00:00',0,50,0),(43,'Вот такой заголовок комментария новый','трам пам пам',1,'2020-11-12 12:11:26','2020-11-01 00:00:00',0,51,1),(44,'комментарий от кота','мяу',1,'2020-11-12 12:11:27','2020-11-01 00:00:00',43,51,1),(45,'трмти','ьоиьтиьт',1,'2020-11-12 12:11:28','2020-11-01 00:00:00',0,51,1),(46,'hgjhg','jhgjhgjh',1,'2020-11-12 12:11:24','2020-11-06 00:00:00',0,49,1),(47,'мой ответ','ответищще!',1,'2020-11-12 12:11:25','2020-11-06 00:00:00',46,49,1),(48,'вот коммент!','комментарий от знатока и кота',1,'2020-11-12 12:11:22','2020-11-09 00:00:00',0,51,1),(49,'лорлор','лорлрл',1,'2020-11-12 12:24:38','2020-11-12 00:00:00',0,1,1),(50,'Проверка вот такой заголовок 5','Проверка проверки от проверки',1,'2020-11-12 12:26:08','2020-11-12 00:00:00',0,1,1),(52,'тестовый комментарий 45','тестовый комментарий 45тестовый комментарий 45тестовый комментарий 45тестовый комментарий 45тестовый комментарий 45тестовый комментарий 45тестовый комментарий 45тестовый комментарий 45тестовый комментаffрий 45тестовый комментарий 45',1,'2020-11-16 18:13:30','2020-11-16 00:00:00',0,61,1);
/*!40000 ALTER TABLE `comments` ENABLE KEYS */;
UNLOCK TABLES;

--
-- Table structure for table `links`
--

DROP TABLE IF EXISTS `links`;
/*!40101 SET @saved_cs_client     = @@character_set_client */;
/*!40101 SET character_set_client = utf8 */;
CREATE TABLE `links` (
  `id` int(11) NOT NULL AUTO_INCREMENT,
  `title` varchar(128) NOT NULL,
  `url` varchar(128) NOT NULL,
  PRIMARY KEY (`id`)
) ENGINE=InnoDB AUTO_INCREMENT=9 DEFAULT CHARSET=utf8;
/*!40101 SET character_set_client = @saved_cs_client */;

--
-- Dumping data for table `links`
--

LOCK TABLES `links` WRITE;
/*!40000 ALTER TABLE `links` DISABLE KEYS */;
INSERT INTO `links` VALUES (1,'ссылка номер 1','http://google.com'),(2,'ссылка номер 2','https://vl.ru'),(3,'ссылка номер 3','https://ya.ru'),(4,'ссылка номер 4','http://kp.ru');
/*!40000 ALTER TABLE `links` ENABLE KEYS */;
UNLOCK TABLES;

--
-- Table structure for table `pages`
--

DROP TABLE IF EXISTS `pages`;
/*!40101 SET @saved_cs_client     = @@character_set_client */;
/*!40101 SET character_set_client = utf8 */;
CREATE TABLE `pages` (
  `id` int(11) NOT NULL AUTO_INCREMENT,
  `title` text NOT NULL,
  `content` text NOT NULL,
  `author` int(11) NOT NULL,
  `updated_at` datetime NOT NULL,
  `created_at` datetime NOT NULL,
  PRIMARY KEY (`id`),
  KEY `author` (`author`) USING BTREE,
  CONSTRAINT `pages_ibfk_1` FOREIGN KEY (`author`) REFERENCES `users` (`id`)
) ENGINE=InnoDB AUTO_INCREMENT=8 DEFAULT CHARSET=utf8;
/*!40101 SET character_set_client = @saved_cs_client */;

--
-- Dumping data for table `pages`
--

LOCK TABLES `pages` WRITE;
/*!40000 ALTER TABLE `pages` DISABLE KEYS */;
INSERT INTO `pages` VALUES (1,'Тестовая страница 1','Создать сам набор стикеров не так сложно, однако у начинающих пользователей могут возникнуть трудности при обработке самих изображений в фоторедакторе. Для простых действий можно использовать Paint. Правда, понадобится сноровка, так как произвольное выделение делается \"от руки\" - задать значение 512 пикселей по горизонтали (и по вертикали тоже) не получится.\r\n\r\nЕсли удалось вырезать изображение ровно, то затем его следует скопировать на новый документ (скопировать выделенной изображение - Ctrl+C - \"Создать\" - вставить скопированное изображение - Ctrl+V). Не стоит забывать, что итоговый размер картинки должен составлять 512 пикселей по ширине. Высота может быть меньше.\r\n\r\nЕсли есть доступ к редактору Photoshop, то для вырезания стикеров лучше воспользоваться им. Алгоритм лишь немного сложнее, но на выходе получится аккуратная картинка с нужными параметрами.',1,'2020-08-09 00:00:00','2020-07-08 00:00:00'),(2,'Страница номер 2','Есть много вариантов Lorem Ipsum, но большинство из них имеет не всегда приемлемые модификации, например, юмористические вставки или слова, которые даже отдалённо не напоминают латынь. Если вам нужен Lorem Ipsum для серьёзного проекта, вы наверняка не хотите какой-нибудь шутки, скрытой в середине абзаца. Также все другие известные генераторы Lorem Ipsum используют один и тот же текст, который они просто повторяют, пока не достигнут нужный объём. Это делает предлагаемый здесь генератор единственным настоящим Lorem Ipsum генератором. Он использует словарь из более чем 200 латинских слов, а также набор моделей предложений. В результате сгенерированный Lorem Ipsum выглядит правдоподобно, не имеет повторяющихся абзацей или \"невозможных\" слов.',1,'2020-07-15 00:00:00','2020-07-10 00:00:00'),(3,'Заголовок страницы 3','Redmi 9A базируется на чипе MediaTek Helio G25, имеет 2/32 Гб памяти, дисплей с диагональю 6,53 и разрешением HD+, а также емкий аккумулятор на 5000 мАч.\r\n\r\nОсновная камера новинки имеет разрешение 13 Мп (поддерживаются портретный режим и HDR, а также запись видео 1080p с частотой 60 кадров в секунду), фронтальная - 5 Мп. Возможно одновременное использование двух SIM-карт и microSD\r\ndgdfgdfgdg',1,'2020-11-01 00:00:00','2020-08-09 00:00:00');
/*!40000 ALTER TABLE `pages` ENABLE KEYS */;
UNLOCK TABLES;

--
-- Table structure for table `posts`
--

DROP TABLE IF EXISTS `posts`;
/*!40101 SET @saved_cs_client     = @@character_set_client */;
/*!40101 SET character_set_client = utf8 */;
CREATE TABLE `posts` (
  `id` int(11) NOT NULL AUTO_INCREMENT,
  `title` varchar(254) NOT NULL,
  `content` text NOT NULL,
  `author` int(11) NOT NULL,
  `updated_at` datetime DEFAULT NULL,
  `created_at` datetime DEFAULT NULL,
  `category` int(11) NOT NULL,
  `teaserpic` varchar(256) DEFAULT NULL,
  PRIMARY KEY (`id`),
  KEY `author` (`author`),
  KEY `category` (`category`),
  CONSTRAINT `posts_ibfk_1` FOREIGN KEY (`author`) REFERENCES `users` (`id`),
  CONSTRAINT `posts_ibfk_2` FOREIGN KEY (`category`) REFERENCES `categorys` (`id`)
) ENGINE=InnoDB AUTO_INCREMENT=65 DEFAULT CHARSET=utf8;
/*!40101 SET character_set_client = @saved_cs_client */;

--
-- Dumping data for table `posts`
--

LOCK TABLES `posts` WRITE;
/*!40000 ALTER TABLE `posts` DISABLE KEYS */;
INSERT INTO `posts` VALUES (1,'Заголовок 1','<img src=\"/files/testcat.jpg\" class=\"img-fluid\">\r\n<p>Cum sociis natoque penatibus et magnis dis parturient montes, nascetur ridiculus mus. Aenean lacinia bibendum nulla sed consectetur. Etiam porta sem malesuada magna mollis euismod. Fusce dapibus, tellus ac cursus commodo, tortor mauris condimentum nibh, ut fermentum massa justo sit amet risus.</p>\r\n            <ul>\r\n              <li>Praesent commodo cursus magna, vel scelerisque nisl consectetur et.</li>\r\n              <li>Donec id elit non mi porta gravida at eget metus.</li>\r\n              <li>Nulla vitae elit libero, a pharetra augue.</li>\r\n            </ul>\r\n            <p>Etiam porta <em>sem malesuada magna</em> mollis euismod. Cras mattis consectetur purus sit amet fermentum. Aenean lacinia bibendum nulla sed consectetur.</p>\r\n            <p>Donec ullamcorper nulla non metus auctor fringilla. Nulla vitae elit libero, a pharetra augue.</p>\r\n',1,'2020-10-09 00:00:00','2020-06-07 00:00:00',1,'resized_1601985935_testcat04.jpg'),(2,'Заголовок 2','<img src=\"/files/1601985935_testcat04.jpg\" class=\"img-fluid\">\r\nПятнистый окрас представителей семейства кошачьих часто встречается в дикой природе. У домашних кошек пятна практически не встречались до того, как за дело не взялся американский ученый-генетик П. Кейси. Ученый занимался скрещиванием диких и домашних животных с пятнистой шубой. Результат – пятнистые кошки стали пригодными для жизни с человеком.\r\nСамые популярные пятнистые породы кошек\r\n\r\nЖелая завести пятнистую кошку, похожую на леопарда, будущим хозяевам рекомендуется присмотреться к породам:\r\n\r\n    Бенгальская кошка;\r\n    Пиксибоб;\r\n    Оцикет;\r\n    Серенгети;\r\n    Австралийская дымчатая;\r\n    Калифорнийская сияющая;\r\n    Саванна.\r\nпроверка',1,'2020-10-07 00:00:00','2020-06-07 00:00:00',2,'testcat01-th.jpg'),(3,'Заголовок 3','<img src=\"/files/resized_1601985935_testcat04.jpg\" class=\"img-fluid\">\r\nВойну объявляют кроту страшную: заливают водой и соляркой норы, пугают грохочущими вёдрами, зарытыми в землю, пытаются испортить жизнь зверька ультразвуковыми излучателями. А ему всё нипочём!\r\n\r\nУ меня есть знакомый, который устроил своим кротам самую настоящую бомбёжку — забрасывал в кротовьи норы петарды. Но кротов меньше не стало.\r\n\r\nНа моём огороде кроты не безобразничают. В молодости я занимался их ловлей для сдачи в качестве пушнины, поэтому неплохо изучил их образ жизни и повадки, что помогает мне в борьбе с ними.\r\n\r\n\r\nНемного о кроте\r\nКрот родится, живёт и умирает под землёй, выходя на поверхность лишь в исключительных случаях. Активен он в течение круглого года, в спячку не впадает.\r\n\r\nЭто достаточно угрюмый и неуживчивый зверёк. Питается дождевыми червями, слизнями, личинками майских жуков, медведками, гусеницами вредоносной совки и другими насекомыми. Этот обжора может слопать и сородича, если встретит его по дороге. За сутки крот съедает около 50–60 г корма, что немногим меньше его собственного веса.\r\n\r\nЧтобы успешно ловить этих животных (а это единственный результативный способ ограничить их вредоносное воздействие на садовый участок), надо хорошо себе представлять их поведение под землёй.\r\n\r\nПодземная инфраструктура\r\nВсю жизнь крот проводит в подземных ходах, проложенных в разных горизонтах почвы. Кормовые ходы, прокладываемые на глубине 2–5 см, часто можно видеть в виде борозд несколько приподнятой земли. Вторично этих ходов крот, как правило, не посещает.\r\n',1,'2020-10-07 00:00:00','2020-06-06 00:00:00',3,''),(4,'Заголовок 4','<p>This blog post shows a few different types of content that\'s supported and styled with Bootstrap. Basic typography, images, and code are all supported.</p>\r\n            <hr>\r\n            <p>Cum sociis natoque penatibus et magnis <a href=\"#\">dis parturient montes</a>, nascetur ridiculus mus. Aenean eu leo quam. Pellentesque ornare sem lacinia quam venenatis vestibulum. Sed posuere consectetur est at lobortis. Cras mattis consectetur purus sit amet fermentum.</p>\r\n            <blockquote>\r\n              <p>Curabitur blandit tempus porttitor. <strong>Nullam quis risus eget urna mollis</strong> ornare vel eu leo. Nullam id dolor id nibh ultricies vehicula ut id elit.</p>\r\n            </blockquote>\r\n            <p>Etiam porta <em>sem malesuada magna</em> mollis euismod. Cras mattis consectetur purus sit amet fermentum. Aenean lacinia bibendum nulla sed consectetur.</p>\r\n            <h2>Heading</h2>\r\n            <p>Vivamus sagittis lacus vel augue laoreet rutrum faucibus dolor auctor. Duis mollis, est non commodo luctus, nisi erat porttitor ligula, eget lacinia odio sem nec elit. Morbi leo risus, porta ac consectetur ac, vestibulum at eros.</p>\r\n            <h3>Sub-heading</h3>\r\n            <p>Cum sociis natoque penatibus et magnis dis parturient montes, nascetur ridiculus mus.</p>\r\n            <pre><code>Example code block</code></pre>\r\n            <p>Aenean lacinia bibendum nulla sed consectetur. Etiam porta sem malesuada magna mollis euismod. Fusce dapibus, tellus ac cursus commodo, tortor mauris condimentum nibh, ut fermentum massa.</p>\r\n            <h3>Sub-heading</h3>\r\n            <p>Cum sociis natoque penatibus et magnis dis parturient montes, nascetur ridiculus mus. Aenean lacinia bibendum nulla sed consectetur. Etiam porta sem malesuada magna mollis euismod. Fusce dapibus, tellus ac cursus commodo, tortor mauris condimentum nibh, ut fermentum massa justo sit amet risus.</p>\r\n            <ul>\r\n              <li>Praesent commodo cursus magna, vel scelerisque nisl consectetur et.</li>\r\n              <li>Donec id elit non mi porta gravida at eget metus.</li>\r\n              <li>Nulla vitae elit libero, a pharetra augue.</li>\r\n            </ul>\r\n            <p>Donec ullamcorper nulla non metus auctor fringilla. Nulla vitae elit libero, a pharetra augue.</p>\r\n            <ol>\r\n              <li>Vestibulum id ligula porta felis euismod semper.</li>\r\n              <li>Cum sociis natoque penatibus et magnis dis parturient montes, nascetur ridiculus mus.</li>\r\n              <li>Maecenas sed diam eget risus varius blandit sit amet non magna.</li>\r\n            </ol>\r\n            <p>Cras mattis consectetur purus sit amet fermentum. Sed posuere consectetur est at lobortis.</p>',1,'2020-08-05 00:00:00','2020-06-04 00:00:00',1,''),(5,'Заголовок 5','<p>Cum sociis natoque penatibus et magnis <a href=\"#\">dis parturient montes</a>, nascetur ridiculus mus. Aenean eu leo quam. Pellentesque ornare sem lacinia quam venenatis vestibulum. Sed posuere consectetur est at lobortis. Cras mattis consectetur purus sit amet fermentum.</p>\r\n            <blockquote>\r\n              <p>Curabitur blandit tempus porttitor. <strong>Nullam quis risus eget urna mollis</strong> ornare vel eu leo. Nullam id dolor id nibh ultricies vehicula ut id elit.</p>\r\n            </blockquote>\r\n            <p>Etiam porta <em>sem malesuada magna</em> mollis euismod. Cras mattis consectetur purus sit amet fermentum. Aenean lacinia bibendum nulla sed consectetur.</p>\r\n            <p>Vivamus sagittis lacus vel augue laoreet rutrum faucibus dolor auctor. Duis mollis, est non commodo luctus, nisi erat porttitor ligula, eget lacinia odio sem nec elit. Morbi leo risus, porta ac consectetur ac, vestibulum at eros.</p>',1,NULL,'2020-06-10 00:00:00',2,''),(6,'Заголовок 6','<p>Cum sociis natoque penatibus et magnis dis parturient montes, nascetur ridiculus mus. Aenean lacinia bibendum nulla sed consectetur. Etiam porta sem malesuada magna mollis euismod. Fusce dapibus, tellus ac cursus commodo, tortor mauris condimentum nibh, ut fermentum massa justo sit amet risus.</p>\r\n            <ul>\r\n              <li>Praesent commodo cursus magna, vel scelerisque nisl consectetur et.</li>\r\n              <li>Donec id elit non mi porta gravida at eget metus.</li>\r\n              <li>Nulla vitae elit libero, a pharetra augue.</li>\r\n            </ul>\r\n            <p>Etiam porta <em>sem malesuada magna</em> mollis euismod. Cras mattis consectetur purus sit amet fermentum. Aenean lacinia bibendum nulla sed consectetur.</p>\r\n            <p>Donec ullamcorper nulla non metus auctor fringilla. Nulla vitae elit libero, a pharetra augue.</p>',1,'2020-07-15 00:00:00','2020-06-09 00:00:00',3,''),(7,'Заголовок 7',' Lorem ipsum dolor sit amet, consectetur adipiscing elit. Nulla sagittis mollis mauris at aliquet. Nunc molestie ut tellus id mollis. Fusce et risus eget massa fringilla placerat id sit amet turpis. Maecenas interdum commodo ante, quis gravida diam scelerisque ac. Praesent ultrices dignissim nunc. Nullam malesuada consequat purus, nec congue massa hendrerit at. Duis convallis bibendum tristique. Aenean egestas urna a odio ullamcorper, quis scelerisque lacus facilisis. Morbi vestibulum sapien sapien, vitae rutrum ante vehicula in.\r\n\r\nPellentesque feugiat, ante sit amet mollis placerat, justo justo luctus mi, in auctor tortor magna in urna. Aliquam sagittis aliquam enim at egestas. Morbi at blandit mi. Morbi finibus, massa a scelerisque interdum, enim ex molestie metus, ut tempor ante metus pellentesque sapien. In suscipit dolor sed nulla pellentesque scelerisque. Donec sit amet feugiat ipsum. Quisque ornare, leo in vehicula eleifend, dui ex sodales neque, eget molestie nibh orci vel leo. Ut et elementum tortor. Aliquam maximus fermentum justo, at tempor massa laoreet quis.\r\n\r\nNunc cursus congue dictum. Nullam vehicula, justo nec scelerisque ullamcorper, ex tellus tristique risus, in efficitur est orci id sem. Proin ut lorem vulputate, blandit turpis non, elementum nisl. Duis vitae massa ante. Suspendisse cursus rhoncus cursus. Cras a fermentum turpis. Cras condimentum elit dui. Integer eget ipsum tincidunt tellus faucibus dignissim sit amet a nibh. Morbi faucibus facilisis ante condimentum sollicitudin. Phasellus leo urna, sollicitu',1,NULL,'2020-06-02 00:00:00',1,''),(8,'Заголовок 8',' Lorem ipsum dolor sit amet, consectetur adipiscing elit. Nulla sagittis mollis mauris at aliquet. Nunc molestie ut tellus id mollis. Fusce et risus eget massa fringilla placerat id sit amet turpis. Maecenas interdum commodo ante, quis gravida diam scelerisque ac. Praesent ultrices dignissim nunc. Nullam malesuada consequat purus, nec congue massa hendrerit at. Duis convallis bibendum tristique. Aenean egestas urna a odio ullamcorper, quis scelerisque lacus facilisis. Morbi vestibulum sapien sapien, vitae rutrum ante vehicula in.\r\n\r\nPellentesque feugiat, ante sit amet mollis placerat, justo justo luctus mi, in auctor tortor magna in urna. Aliquam sagittis aliquam enim at egestas. Morbi at blandit mi. Morbi finibus, massa a scelerisque interdum, enim ex molestie metus, ut tempor ante metus pellentesque sapien. In suscipit dolor sed nulla pellentesque scelerisque. Donec sit amet feugiat ipsum. Quisque ornare, leo in vehicula eleifend, dui ex sodales neque, eget molestie nibh orci vel leo. Ut et elementum tortor. Aliquam maximus fermentum justo, at tempor massa laoreet quis.\r\n\r\nNunc cursus congue dictum. Nullam vehicula, justo nec scelerisque ullamcorper, ex tellus tristique risus, in efficitur est orci id sem. Proin ut lorem vulputate, blandit turpis non, elementum nisl. Duis vitae massa ante. Suspendisse cursus rhoncus cursus. Cras a fermentum turpis. Cras condimentum elit dui. Integer eget ipsum tincidunt tellus faucibus dignissim sit amet a nibh. Morbi faucibus facilisis ante condimentum sollicitudin. Phasellus leo urna, sollicitu',1,'2020-07-24 00:00:00','2020-06-10 00:00:00',2,''),(9,'Заголовок 9',' Lorem ipsum dolor sit amet, consectetur adipiscing elit. Nulla sagittis mollis mauris at aliquet. Nunc molestie ut tellus id mollis. Fusce et risus eget massa fringilla placerat id sit amet turpis. Maecenas interdum commodo ante, quis gravida diam scelerisque ac. Praesent ultrices dignissim nunc. Nullam malesuada consequat purus, nec congue massa hendrerit at. Duis convallis bibendum tristique. Aenean egestas urna a odio ullamcorper, quis scelerisque lacus facilisis. Morbi vestibulum sapien sapien, vitae rutrum ante vehicula in.\r\n\r\nPellentesque feugiat, ante sit amet mollis placerat, justo justo luctus mi, in auctor tortor magna in urna. Aliquam sagittis aliquam enim at egestas. Morbi at blandit mi. Morbi finibus, massa a scelerisque interdum, enim ex molestie metus, ut tempor ante metus pellentesque sapien. In suscipit dolor sed nulla pellentesque scelerisque. Donec sit amet feugiat ipsum. Quisque ornare, leo in vehicula eleifend, dui ex sodales neque, eget molestie nibh orci vel leo. Ut et elementum tortor. Aliquam maximus fermentum justo, at tempor massa laoreet quis.\r\n\r\nNunc cursus congue dictum. Nullam vehicula, justo nec scelerisque ullamcorper, ex tellus tristique risus, in efficitur est orci id sem. Proin ut lorem vulputate, blandit turpis non, elementum nisl. Duis vitae massa ante. Suspendisse cursus rhoncus cursus. Cras a fermentum turpis. Cras condimentum elit dui. Integer eget ipsum tincidunt tellus faucibus dignissim sit amet a nibh. Morbi faucibus facilisis ante condimentum sollicitudin. Phasellus leo urna, sollicitu',1,'2020-07-22 00:00:00','2020-06-05 00:00:00',3,''),(10,'Заголовок 10',' Lorem ipsum dolor sit amet, consectetur adipiscing elit. Nulla sagittis mollis mauris at aliquet. Nunc molestie ut tellus id mollis. Fusce et risus eget massa fringilla placerat id sit amet turpis. Maecenas interdum commodo ante, quis gravida diam scelerisque ac. Praesent ultrices dignissim nunc. Nullam malesuada consequat purus, nec congue massa hendrerit at. Duis convallis bibendum tristique. Aenean egestas urna a odio ullamcorper, quis scelerisque lacus facilisis. Morbi vestibulum sapien sapien, vitae rutrum ante vehicula in.\r\n\r\nPellentesque feugiat, ante sit amet mollis placerat, justo justo luctus mi, in auctor tortor magna in urna. Aliquam sagittis aliquam enim at egestas. Morbi at blandit mi. Morbi finibus, massa a scelerisque interdum, enim ex molestie metus, ut tempor ante metus pellentesque sapien. In suscipit dolor sed nulla pellentesque scelerisque. Donec sit amet feugiat ipsum. Quisque ornare, leo in vehicula eleifend, dui ex sodales neque, eget molestie nibh orci vel leo. Ut et elementum tortor. Aliquam maximus fermentum justo, at tempor massa laoreet quis.\r\n\r\nNunc cursus congue dictum. Nullam vehicula, justo nec scelerisque ullamcorper, ex tellus tristique risus, in efficitur est orci id sem. Proin ut lorem vulputate, blandit turpis non, elementum nisl. Duis vitae massa ante. Suspendisse cursus rhoncus cursus. Cras a fermentum turpis. Cras condimentum elit dui. Integer eget ipsum tincidunt tellus faucibus dignissim sit amet a nibh. Morbi faucibus facilisis ante condimentum sollicitudin. Phasellus leo urna, sollicitu',1,'2020-07-23 00:00:00','2020-06-03 00:00:00',1,''),(11,'Заголовок 11',' Lorem ipsum dolor sit amet, consectetur adipiscing elit. Nulla sagittis mollis mauris at aliquet. Nunc molestie ut tellus id mollis. Fusce et risus eget massa fringilla placerat id sit amet turpis. Maecenas interdum commodo ante, quis gravida diam scelerisque ac. Praesent ultrices dignissim nunc. Nullam malesuada consequat purus, nec congue massa hendrerit at. Duis convallis bibendum tristique. Aenean egestas urna a odio ullamcorper, quis scelerisque lacus facilisis. Morbi vestibulum sapien sapien, vitae rutrum ante vehicula in.\r\n\r\nPellentesque feugiat, ante sit amet mollis placerat, justo justo luctus mi, in auctor tortor magna in urna. Aliquam sagittis aliquam enim at egestas. Morbi at blandit mi. Morbi finibus, massa a scelerisque interdum, enim ex molestie metus, ut tempor ante metus pellentesque sapien. In suscipit dolor sed nulla pellentesque scelerisque. Donec sit amet feugiat ipsum. Quisque ornare, leo in vehicula eleifend, dui ex sodales neque, eget molestie nibh orci vel leo. Ut et elementum tortor. Aliquam maximus fermentum justo, at tempor massa laoreet quis.\r\n\r\nNunc cursus congue dictum. Nullam vehicula, justo nec scelerisque ullamcorper, ex tellus tristique risus, in efficitur est orci id sem. Proin ut lorem vulputate, blandit turpis non, elementum nisl. Duis vitae massa ante. Suspendisse cursus rhoncus cursus. Cras a fermentum turpis. Cras condimentum elit dui. Integer eget ipsum tincidunt tellus faucibus dignissim sit amet a nibh. Morbi faucibus facilisis ante condimentum sollicitudin. Phasellus leo urna, sollicitu',1,NULL,'2020-06-04 00:00:00',2,''),(12,'Заголовок 12',' Lorem ipsum dolor sit amet, consectetur adipiscing elit. Nulla sagittis mollis mauris at aliquet. Nunc molestie ut tellus id mollis. Fusce et risus eget massa fringilla placerat id sit amet turpis. Maecenas interdum commodo ante, quis gravida diam scelerisque ac. Praesent ultrices dignissim nunc. Nullam malesuada consequat purus, nec congue massa hendrerit at. Duis convallis bibendum tristique. Aenean egestas urna a odio ullamcorper, quis scelerisque lacus facilisis. Morbi vestibulum sapien sapien, vitae rutrum ante vehicula in.\r\n\r\nPellentesque feugiat, ante sit amet mollis placerat, justo justo luctus mi, in auctor tortor magna in urna. Aliquam sagittis aliquam enim at egestas. Morbi at blandit mi. Morbi finibus, massa a scelerisque interdum, enim ex molestie metus, ut tempor ante metus pellentesque sapien. In suscipit dolor sed nulla pellentesque scelerisque. Donec sit amet feugiat ipsum. Quisque ornare, leo in vehicula eleifend, dui ex sodales neque, eget molestie nibh orci vel leo. Ut et elementum tortor. Aliquam maximus fermentum justo, at tempor massa laoreet quis.\r\n\r\nNunc cursus congue dictum. Nullam vehicula, justo nec scelerisque ullamcorper, ex tellus tristique risus, in efficitur est orci id sem. Proin ut lorem vulputate, blandit turpis non, elementum nisl. Duis vitae massa ante. Suspendisse cursus rhoncus cursus. Cras a fermentum turpis. Cras condimentum elit dui. Integer eget ipsum tincidunt tellus faucibus dignissim sit amet a nibh. Morbi faucibus facilisis ante condimentum sollicitudin. Phasellus leo urna, sollicitu',1,NULL,'2020-06-05 00:00:00',3,''),(13,'Заголовок 13',' Lorem ipsum dolor sit amet, consectetur adipiscing elit. Nulla sagittis mollis mauris at aliquet. Nunc molestie ut tellus id mollis. Fusce et risus eget massa fringilla placerat id sit amet turpis. Maecenas interdum commodo ante, quis gravida diam scelerisque ac. Praesent ultrices dignissim nunc. Nullam malesuada consequat purus, nec congue massa hendrerit at. Duis convallis bibendum tristique. Aenean egestas urna a odio ullamcorper, quis scelerisque lacus facilisis. Morbi vestibulum sapien sapien, vitae rutrum ante vehicula in.\r\n\r\nPellentesque feugiat, ante sit amet mollis placerat, justo justo luctus mi, in auctor tortor magna in urna. Aliquam sagittis aliquam enim at egestas. Morbi at blandit mi. Morbi finibus, massa a scelerisque interdum, enim ex molestie metus, ut tempor ante metus pellentesque sapien. In suscipit dolor sed nulla pellentesque scelerisque. Donec sit amet feugiat ipsum. Quisque ornare, leo in vehicula eleifend, dui ex sodales neque, eget molestie nibh orci vel leo. Ut et elementum tortor. Aliquam maximus fermentum justo, at tempor massa laoreet quis.\r\n\r\nNunc cursus congue dictum. Nullam vehicula, justo nec scelerisque ullamcorper, ex tellus tristique risus, in efficitur est orci id sem. Proin ut lorem vulputate, blandit turpis non, elementum nisl. Duis vitae massa ante. Suspendisse cursus rhoncus cursus. Cras a fermentum turpis. Cras condimentum elit dui. Integer eget ipsum tincidunt tellus faucibus dignissim sit amet a nibh. Morbi faucibus facilisis ante condimentum sollicitudin. Phasellus leo urna, sollicitu',1,'2020-07-23 00:00:00','2020-06-01 00:00:00',1,''),(14,'Заголовок 14',' Lorem ipsum dolor sit amet, consectetur adipiscing elit. Nulla sagittis mollis mauris at aliquet. Nunc molestie ut tellus id mollis. Fusce et risus eget massa fringilla placerat id sit amet turpis. Maecenas interdum commodo ante, quis gravida diam scelerisque ac. Praesent ultrices dignissim nunc. Nullam malesuada consequat purus, nec congue massa hendrerit at. Duis convallis bibendum tristique. Aenean egestas urna a odio ullamcorper, quis scelerisque lacus facilisis. Morbi vestibulum sapien sapien, vitae rutrum ante vehicula in.\r\n\r\nPellentesque feugiat, ante sit amet mollis placerat, justo justo luctus mi, in auctor tortor magna in urna. Aliquam sagittis aliquam enim at egestas. Morbi at blandit mi. Morbi finibus, massa a scelerisque interdum, enim ex molestie metus, ut tempor ante metus pellentesque sapien. In suscipit dolor sed nulla pellentesque scelerisque. Donec sit amet feugiat ipsum. Quisque ornare, leo in vehicula eleifend, dui ex sodales neque, eget molestie nibh orci vel leo. Ut et elementum tortor. Aliquam maximus fermentum justo, at tempor massa laoreet quis.\r\n\r\nNunc cursus congue dictum. Nullam vehicula, justo nec scelerisque ullamcorper, ex tellus tristique risus, in efficitur est orci id sem. Proin ut lorem vulputate, blandit turpis non, elementum nisl. Duis vitae massa ante. Suspendisse cursus rhoncus cursus. Cras a fermentum turpis. Cras condimentum elit dui. Integer eget ipsum tincidunt tellus faucibus dignissim sit amet a nibh. Morbi faucibus facilisis ante condimentum sollicitudin. Phasellus leo urna, sollicitu',1,NULL,'2020-06-02 00:00:00',3,''),(15,'Заголовок статьи 15','Большую часть жизни росомаха проводит в одиночестве, активно защищая границы своей территории от особей своего пола. Логово устраивает под вывороченными корнями, в расщелинах скал и других укромных местах; кормиться выходит в сумерки. В отличие от большинства куньих, ведущих оседлый образ жизни, росомаха постоянно кочует в поисках добычи по своему охотничьему участку, общая площадь которого может достигать 1500—2000 км². Легко лазает по деревьям. Обладает острым зрением, слухом и чутьём. Издаёт звуки, похожие на лисье тявканье.\r\n\r\nРосомаха не привередлива: часто поедает остатки добычи волков и медведей, ловит беляков, тетеревов, рябчиков, мышевидных грызунов. Реже охотится на крупных копытных: может напасть на оленя, косулю, кабаргу, лося, горного барана. При этом обычно её жертвами становятся молодые телята, раненые, ослабевшие или больные животные. Добычу преследует бегом: росомаха бегает небыстро, но очень вынослива и берёт свою жертву измором. Нередко разоряет зимовья охотников (при этом часто оставляя резко пахнущие метки) и похищает добычу из капканов. Бывали случаи, когда большие росомахи нападали на одиноких волков. ',1,NULL,'2020-06-04 00:00:00',2,''),(16,'Заголовок 16','иногда государства социалистической ориентации) — термин, принятый в советской публицистике и историографии для обозначения государств, с которыми СССР поддерживал тесные двусторонние связи в сфере политического, экономического, военного, научного, образовательного, культурного и других форм межгосударственного сотрудничества. Термин начал употребляться с конца 1960-х годов[1]. Ввод указанного термина в оборот был призван восполнить возникший с интенсификацией процесса деколонизации пробел в определениях субъектов международно-правовых отношений, которые в силу различных обстоятельств не соответствовали определению «социалистические страны», а признание их «капиталистическими» противоречило доктринальным принципам и установкам марксистско-ленинской философии и делало невозможным проведение курса на сотрудничество с ними в необходимом объёме, дискредитировало СССР как на международной арене, так и внутри страны (тема стран социалистической ориентации неоднократно обыгрывалась в творчестве антисоветски настроенных деятелей культуры и искусства). В то же время, называть их «просоветскими режимами» (как это делалось в публицистике и научной литературе капиталистических стран), означало с одной стороны признать таковые как просоветские, каковыми в сущности многие из них и являлись, с другой стороны поставить под вопрос легитимность нахождения этих политических режимов у власти в названных странах, что было немыслимо с точки зрения поддержания дальнейшего сотрудничества с ними. При этом, само употребление данного термина, как в научных, так и в публицистических трудах, позволяло обходить проблемные вопросы построения социализма в отдельных странах, при этом отдельные успехи на этом попри',1,'2020-06-07 00:00:00','2020-06-07 00:00:00',1,''),(17,'Заголовок 17','Lorem psum doren sit amet Lorem psum doren sit ametLorem psum doren sit ametLorem psum doren sit ametLorem psum doren sit ametLorem psum doren sit ametLorem psum doren sit ametLorem psum doren sit ametLorem psum doren sit ametLorem psum doren sit ametLorem psum doren sit ametLorem psum doren sit amet',1,'2020-06-07 00:00:00','2020-06-07 00:00:00',2,''),(18,'Заголовок 18','Lorem psum doren sit amet Lorem psum doren sit ametLorem psum doren sit ametLorem psum doren sit ametLorem psum doren sit ametLorem psum doren sit ametLorem psum doren sit ametLorem psum doren sit ametLorem psum doren sit amet',1,'2020-06-07 00:00:00','2020-06-07 00:00:00',3,''),(19,'Заголовок 19','Для тех, кто хочет провести отпуск возле теплого моря, прекрасным выбором может стать отдых в Крыму в 2020 году. Многие крымские гостиницы и частный сектор начали сезон с прошлогодних цен, и если бронировать жилье заранее, есть возможность сэкономить. Обилие солнца, чистое море, прекрасный климат, отличные пляжи, хорошая туристическая инфраструктура и возможность снять жилье без посредников всегда делали отдых в Крыму очень привлекательным. К тому же, на полуострове много достопримечательностей – красивых дворцов, парков, интересных музеев и аттракционов. ',1,'2020-06-07 00:00:00','2020-06-07 00:00:00',1,''),(20,'Заголовок 20','Lorem psum doren sit amet Lorem psum doren sit ametLorem psum doren sit ametLorem psum doren sit ametLorem psum doren sit ametLorem psum doren sit ametLorem psum doren sit ametLorem psum doren sit ametLorem psum doren sit ametLorem psum doren sit ametLorem psum doren sit amet',1,'2020-06-07 00:00:00','2020-06-07 00:00:00',2,''),(21,'Заголовок 21','Lorem psum doren sit amet Lorem psum doren sit ametLorem psum doren sit ametLorem psum doren sit ametLorem psum doren sit ametLorem psum doren sit ametLorem psum doren sit ametLorem psum doren sit ametLorem psum doren sit ametLorem psum doren sit ametLorem psum doren sit ametLorem psum doren sit ametLorem psum doren sit ametLorem psum doren sit ametLorem psum doren sit ametLorem psum doren sit amet',1,'2020-06-07 00:00:00','2020-06-07 00:00:00',1,''),(22,'Заголовок 22','Как определить, что представляет из себя «настоящий» игровой ноутбук? Мы считаем ноутбук настоящей игровой машиной, если он оснащён дискретным графическим чипом (он же «GPU»), а не встроенной видеокартой. Для нас – и для продавцов ноутбуков – это чёткое отличие, которое отделяет настоящего игрока от претендующего на это звание.\r\n\r\nВ каком-то смысле, почти любой новый ноутбук может работать как игровой. Современные ноутбуки общего назначения с процессорами Intel i5 и Core i7 8-го и 9-го поколения (чипы 10-го поколения уже не выпускаются, но в основном встречаются в игровых ноутбуках с самого начала), и с процессорами AMD Ryzen можно сносно играть в базовые игры, если достаточно откатить разрешение экрана и графическую детализацию настроек. Эти чипы имеют скромное графическое ускорение, и этого хватит для казуальных или веб-игр, например, “Plants vs. Zombies”.',1,'2020-07-28 00:00:00','2020-07-23 00:00:00',3,''),(23,'Заголовок 23','Мы предполагаем, что вы хотите делать больше, чем собирать картофельные мины. Скорей всего, вам не терпится сыграть в последние AAA-игры: новейшее издание серии Battlefield, последний Tom Clancy, новый выпуск Tomb Raider или Far Cry. Или вы хотите сыграть в новейшие мега популярные онлайн-игры Fortnite, Apex Legends, Valorant с максимально возможной частотой кадров, поддерживаемой дисплеем вашего игрового ноутбука. Вот где вступает в действие выделенный графический чип. Это отправная точка для серьёзного отношения к играм на ноутбуке.\r\n\r\nЕсли хотите играть во все игры с высокой детализацией и максимально возможным разрешением экрана (для большинства ноутбуков это разрешение 1920 на 1080 пикселей, при условии, что вы играете на экране ноутбука, а не на внешнем дисплее), вам придётся выложить немаленькую сумму, особенно если вы хотите, чтобы этот ноутбук оставался жизнеспособным при таких настройках больше пары лет. Для такого высокого уровня и ориентира на будущее требуется высококачественный графический процессор: GeForce RTX 2070 Super или RTX 2080 Super от Nvidia являются новейшими и лучшими из мобильных графических процессоров. А это означает, что при текущих ценах, игровой ноутбук будет стоить 1500 долларов или больше.',1,'2020-07-29 00:00:00','2020-07-29 00:00:00',1,''),(24,'Заголовок 24','Не экономя на качестве сборки или функциональности, Acer 2019 Predator Helios 300 обеспечивает отличную эффективность и работает как более дорогая машина. Это удачный выбор среди недорогих игровых ноутбуков.\r\n\r\nHelios 300 предоставляет приемлемый дисплей с полезными игровыми функциями. Визуально картинка достаточно хорошая, с хорошей резкостью и цветами, не больше и не меньше. Это примерно то, что вы ожидаете от среднего ноутбука. Матовая отделка снижает раздражающую отражательную способность. Игровая панель с высокой частотой обновления 144 Гц, а также временем отклика 3 мс.\r\n\r\nПоследнее, но не менее важное для физической сборки: клавиатура и тачпад. Оба на удивление хороши, особенно клавиатура. У неё сбалансированное количество нажатий клавиш с удовлетворительным отскоком. У рассматриваемой модели RGB подсветка.\r\n\r\nHelios 300 хорошо оснащён портами, в нём собрано всего понемногу, и всё это практично. Есть три порта USB 3.0, разъем Ethernet и разъём для гарнитуры, Type-C USB 3.1, мини-порт DisplayPort и полноразмерный HDMI-выход.',1,'2020-07-29 00:00:00','2020-07-29 00:00:00',3,''),(25,'Заголовок 25','Утконос был открыт в XVIII веке во время колонизации Нового Южного Уэльса. В опубликованном в 1802 году списке животных этой колонии упоминается «животное-амфибия из рода кротов. Наиболее любопытное его качество — это то, что оно обладает вместо обычного рта утиным клювом, позволяющим ему питаться в иле, как птицам».\r\n\r\nПервая шкура утконоса была прислана в Англию в 1797 году. Её вид породил ожесточённые споры среди научной общественности. Сперва шкуру сочли изделием какого-то таксидермиста, пришившего утиный клюв к шкуре зверька, похожего на бобра. Рассеять это подозрение удалось Джорджу Шоу, изучившему посылку и пришедшему к выводу, что это не подделка (для этого Шоу даже надрезал шкуру в поисках стежков). Возник вопрос, к какой группе животных отнести утконоса. Уже после того, как он получил своё научное название, в Англию были доставлены первые зверьки, и выяснилось, что у самки утконоса нет видимых молочных желез, зато это животное, подобно птицам, имеет клоаку. Четверть века учёные не могли решить, куда отнести утконоса — к млекопитающим, птицам, пресмыкающимся или вообще к отдельному классу, пока в 1824 году немецкий биолог Меккель не обнаружил, что у утконоса всё-таки имеются молочные железы, и самка выкармливает детёнышей молоком. То, что утконос откладывает яйца, было доказано только в 1884 году.\r\n\r\nЗоологическое имя этому странному животному дал в 1799 году английский натуралист Джордж Шоу — Platypus anatinus, от др.-греч. πλατύς — широкий, плоский, πούς — лапа и лат. anatinus — утиный. В 1800 году Иоганн-Фридрих Блуменбах во избежание омонимии с родом жуков-короедов Platypus изменил родовое название на Ornithorhynchus, от др.-греч. ὄρνις — птица, ῥύγχος — клюв. Аборигены Австралии знали утконоса под многими именами, включая mallangong, boondaburra и tambreet. Ранние европейские переселенцы называли его «утконос» (duckbill), «уткокрот» (duckmole) и «водяной крот» (watermole). В настоящее время в английском языке используется название platypus. В русском языке закрепилось название «утконос». ',1,'2020-11-19 00:00:00','2020-07-23 00:00:00',1,''),(26,'Заголовок 26','Длина тела утконоса 30—40 см, хвоста — 10—15 см, весит он до 2 кг. Самцы примерно на треть крупнее самок. Тело у утконоса приземистое, коротконогое; хвост уплощённый, похож на хвост бобра, но покрыт шерстью, которая с возрастом заметно редеет. В хвосте утконоса, как у тасманийского дьявола, откладываются запасы жира. Мех у него густой, мягкий, обычно тёмно-коричневый на спине и рыжеватый или серый на брюхе. Голова круглая. Впереди лицевой отдел вытянут в плоский клюв длиной около 65 мм, шириной 50 мм. Клюв не жёсткий, как у птиц, а мягкий, покрытый эластичной голой кожей, которая натянута на две тонкие, длинные, дугообразные косточки. Ротовая полость расширена в защечные мешки, в которых во время кормёжки запасается пища. Внизу у основания клюва самцы имеют специфическую железу, продуцирующую секрецию с мускусным запахом. У молодых утконосов имеется 8 зубов, однако они непрочные и быстро стираются, сменяясь ороговевшими пластинками. ',1,'2020-07-21 00:00:00','2020-07-22 00:00:00',3,''),(27,'Заголовок 27','Часто показывают в фильмах, в телевизионных шоу, рассказывают в книгах о том, что сова - умная птица. Очень много мультфильмов про разговаривающих мудрых сов (Винни-Пух, Сказки тётушки Совы ит.д.). А символичную фигурку совы получает в игре \"Что? Где? Когда?\" команда победитель. Такая символичность имеет глубокие корни. У древних греков Афина - богиня мудрости и справедливости сделала эту пернатую своей верной спутницей и священной птицей, отсюда и пошло заблуждение в том, что сова мудрая и умная.  В мифах, народных поверьях и приметах ей всегда находили место и роль. Обычно довольно противоречивые, в силу странного образа жизни совы, её поведения и внешнего вида. Однако, эта птица совершенно не способна чему-либо обучиться, в отличие от ворон, соколов, попугаев и даже голубей.\r\n\r\nКонечно, сова не самая умная птица, но и глупой её назвать нельзя. Эта красивая пернатая - всего лишь символ мудрости. У сов огромные, похожие на бездонные звезды и задумчивые глаза, поэтому люди думают, что их интеллект такой же большой и неисчерпаемый.  Сова является птицей с головой, не похожей на птичью.\r\n\r\nСовам нужен активно работающий мозг для ночной успешной охоты. Подведя итог, можно сказать, что совы совсем не глупые птицы.',1,'2020-07-29 00:00:00','2020-07-29 00:00:00',2,''),(28,'Заголовок 28','Белка это симпатичный лесной зверек, которого можно встретить и в городе. Например, в парке. В зимнее время белочки становятся смелее и подходят к людям совсем близко в поисках угощений. А каково это, содержать пушистого зверька дома? Давайте разберемся!\r\n\r\nБелка это активное и энергичное животное. Для ее содержания не подойдет обычный птичий вольер. Необходимо заранее подумать о месте, где будет установлена клетка как миниму метровой высоты и не менее 60 на 60 сантиметров. Если есть возможность, то конечно белке лучше выделить отдельное помещение. Выпускать на прогулку по дому или квартире белочку нужно строго под набюдением, иначе можно обнаружить неприятные последствия в виде перегрызенных проводов, ободранных обоев и прочие \"прелести\". Белка любит делать запасы в любом приглянувшемся ей месте. И к лотку ее не приучить.\r\n\r\nБелка это питомец, содержание которого требует много терпения, времени и средств. Ее рацион должен быть разнообразным и включать орехи, семена, хвойные палочки почки деревьев, фрукты и прочие лакомтсва. В неволе пушистая красавица может набрать лишний вес, поэтому ее нельзя перекармливать. А еще, неплохо поставить в ее клетку специальное колесо для бега.',1,'2020-07-29 00:00:00','2020-07-29 00:00:00',1,''),(29,'Заголовок 29','В неволе содержать глухарей не представляет большого труда. Но особенное внимание следует уделить размера вольера, не стоит забывать, что глухарь – крупная птица. Вольер рекомендуется делать не меньше 50 квадратных метров, кроме этого необходимо затемненное помещение размером 9-12 квадратных метров, которое будет прилегать к вольеру. Особенностью глухаря является подверженность его к желудочно-кишечным заболеваниям, что характерно для вида тетеревых. Поэтому контакт с собственным пометом для глухаря нежелателен. Заводчикам этой птицы стоит позаботиться об этом. Пол вольера можно засыпать крупным зернистым песком 15-25 см. Это даст возможность помету быстро высыхать и в таких условиях уборка клетки может производиться раз в неделю.\r\n\r\nРацион питания глухарей неприхотлив: он должен состоять из смеси разных зерновых культур. Сюда могут входить кукуруза, пшеница, ячмень и немного подсолнечника. Такой тип питания относится к зимнему периоду, а вот летом нужно добавлять в небольших количествах фрукты и овощи. Также экструдированный комбикорм для кроликов – оптимальное решение  для питания глухаря в летний период.  Ранней весной полезно добавлять им в пищу набухшие почки. Большое значение для этой птицы имеют и хвойные деревья, их следует класть в вольер в течение всего года. Заготовка хвои производится ранней осенью в лесных хозяйствах. Свои целебные свойства хвоя сохраняет в течение всей зимы, и только с ней условия обитания глухаря будет наиболее комфортным.',1,'2020-07-29 00:00:00','2020-07-23 00:00:00',2,''),(30,'Заголовок 30','Кинологи перечислили маленькие породы собак, которые могут укусить без особой на то причине. Это следует учитывать, приобретая пса данной породы.\r\n\r\nВ список таких пород попадает такса. Особенно агрессивно собака этой породы может себя повести по отношению к незнакомцам.\r\n\r\nНа втором месте по злости после таксы, как не странно чихуахуа. Эксперты говорят, что вероятность того, что на человека нападет чихуахуа больше, чем если его покусает доберман или питбуль. В то же время, эти собачки очень отважные и могут кинуться на собаку большую по размерам, чтобы защитить хозяина. Это следует учитывать и не пускать собаку гулять без поводка.\r\n\r\nДжек рассел терьер – еще одна маленькая порода собак, которая считается кусачей. Этих собак надо дрессировать, иначе есть риск, что ребенок, который активно играет с этой породой, будет покусан.\r\n\r\nСобаки породы папильон терпеть не могут со стороны детей фамильярности и небрежного отношения. Им все равно что ребенок маленький и ничего не понимает. Папильон объяснит, как с ним надо обращаться быстро и безапелляционно – укусив обидчика.\r\n\r\nЯгдтерьер – еще одна маленькая собачка, которая не обладает кротким нравом. Она была выведена специально для охоты, а также будет защищать своего хозяина ценой собственной жизни.',1,'2020-07-22 00:00:00','2020-07-30 00:00:00',3,''),(31,'Заголовок 31','Подозрительным предметом, из-за которого в пятницу вечером был перекрыт центр подмосковного Жуковского, оказалась кастрюля с грибами, передает РИА \"Новости\".\r\n\r\nОколо 18 часов в дежурную часть ОВД Жуковского поступил звонок от продавщицы одного из магазинов, расположенных возле Центрального аэрогидродинамического института имени Жуковского. Женщина сообщила о подозрительной находке, которую представитель администрации Жуковского назвал \"металлической бочкой на колесиках типа тележки\".\r\n\r\nСотрудники правоохранительных органов оцепили центр города и пригласили кинологов со служебными собаками. По поведению животных милиционеры решили, что внутри \"бочки\" может быть взрывчатка, и вызвали из Москвы взрывотехников ФСБ.\r\n\r\nИзучив неизвестный предмет, саперы выяснили, что это - десятилитровая кастрюля, накрытая крышкой. Внутри нее специалисты обнаружили грибы. Будет ли разыскиваться владелец кастрюли, пока не ясно.',1,'2020-07-15 00:00:00','2020-07-18 00:00:00',2,''),(32,'Заголовок 32','\r\n\r\nLorem ipsum dolor sit amet, consectetur adipiscing elit. Vestibulum egestas scelerisque nisl. Etiam nisi nunc, iaculis quis neque in, euismod bibendum enim. Donec sed sodales ipsum. Phasellus bibendum dictum risus, nec eleifend nunc scelerisque eget. Maecenas ornare, ante ac bibendum imperdiet, enim lectus interdum lectus, quis pretium ex purus ullamcorper nunc. Donec laoreet et arcu a elementum. Sed congue sodales tortor in consequat. Morbi et ullamcorper enim. Morbi et sapien cursus, tristique est sit amet, rutrum felis. Nam iaculis urna sit amet nisl tincidunt, sit amet eleifend elit accumsan. Vivamus id ipsum lectus. Vivamus dapibus mollis tortor, non auctor tortor mattis eu. Ut vel neque eros.\r\n\r\nDuis non arcu ex. Interdum et malesuada fames ac ante ipsum primis in faucibus. Donec pretium leo et elit rhoncus commodo. Duis est metus, fermentum vitae enim a, pharetra malesuada nisl. Proin dapibus sollicitudin risus at molestie. Cras condimentum vitae dolor sit amet auctor. Nullam eget lacus ut nibh vulputate egestas. Lorem ipsum dolor sit amet, consectetur adipiscing elit. Nam leo ligula, laoreet ac accumsan nec, laoreet id eros. Quisque molestie nisl purus, a posuere urna pretium ut. Aenean eget porta nulla. Vestibulum in magna consectetur, ullamcorper arcu mattis, accumsan leo. Mauris sodales ac lacus eu placerat. Vestibulum semper vitae arcu et ultrices.\r\n\r\nEtiam et enim at diam vestibulum consequat. Aliquam luctus cursus sem sed imperdiet. Sed sed lectus sit amet nunc luctus blandit non a dolor. Aenean dui mi, ultrices vitae convallis id, tempus non nulla. Etiam ac pulvinar purus. Quisque vel orci quis leo faucibus consectetur. Morbi scelerisque rutrum nisl, ut dictum felis egestas eu. Pellentesque vitae mollis nibh. Cras ac tincidunt est. ',1,'2020-08-03 00:00:00','2020-08-03 00:00:00',1,''),(33,'Запрет американским компаниям иметь дело с китайским сервисом WeChat','Запрет американским компаниям иметь дело с китайским сервисом WeChat (принадлежит Tencent) ставит под угрозу продажи айфонов в Китае — на одном из важнейших для Apple рынке. Об этом пишет Bloomberg.\r\n\r\nИз-за запрета, который президент США Дональд Трамп подписал 7 августа, Apple не сможет распространять WeChat через магазин приложений. Все транзакции, связанные с WeChat, будут заблокированы.\r\n\r\nКак поясняет Bloomberg, в Китае WeChat заменил большое количество разных сервисов: через него делают покупки, проводят различные платежи, используют его «для всех форм деловых и личных коммуникаций».\r\n\r\nТе, кто приезжает в Китай, должны установить WeChat, иначе рискуют столкнуться с невозможностью оплатить даже мелкие покупки, добавляет агентство.',1,'2020-11-12 00:00:00','2020-08-08 00:00:00',2,''),(34,'Заголовок 34','Новость про пожилую женщину из Озерска, нашедшую больного котеночка на дороге, и взявшую его домой, чтобы вылечить не так давно разлетелась по сети Интернет. Согласно тому, что пишут источники, бабушка выходила зверя, и он стал крупным котом, безумно любящим свою хозяйку.\r\n\r\nЖила она с котом душа в душу. А однажды ночью к ней в дом ворвались грабители. Если верить слухам, зверь не дал преступникам осуществить злой умысел, убив одного сразу же, второго погрыз так, что тот умер в реанимации, а третий, якобы, успел спастись. И только тогда бабуле рассказали, что за животное она приручила.\r\n\r\n',1,'2020-08-07 00:00:00','2020-08-08 00:00:00',3,''),(35,'Заголовок 35','Ещё несколько примеров использования функции date(). Важно отметить, что следует экранировать все символы, которые необходимо оставить без изменений. Это справедливо и для тех символов, которые в текущей версии PHP не распознаются как форматирующие, поскольку это может быть введено в следующих версиях. Для экранировании управляющих последовательностей (например, \\n) следует использовать одинарные кавычки. ',1,'2020-08-08 00:00:00','2020-08-08 00:00:00',1,''),(37,'Заголовок 37','Lorem ipsum dolor sit amet, consectetur adipiscing elit. Mauris lacinia sapien sit amet feugiat venenatis. Nunc viverra, diam sed feugiat aliquet, quam dolor condimentum mi, in pulvinar lorem nunc ac odio. Cras eget pellentesque diam. Nullam eu interdum orci. Donec molestie dui eu feugiat tempus. Maecenas volutpat turpis a lacinia imperdiet. Fusce aliquet viverra imperdiet. Aenean nulla nulla, rhoncus id massa sed, lacinia bibendum mauris. Donec magna ipsum, feugiat eu tincidunt sit amet, tincidunt tempor justo. Integer feugiat quam vitae mattis vehicula. Pellentesque accumsan orci quis turpis efficitur vestibulum. Donec vel imperdiet lorem. Nam tincidunt, lectus molestie hendrerit posuere, sem sapien vehicula ex, ut ultrices elit ligula id elit. Suspendisse finibus ligula at nisi tristique ultricies.\r\n11\r\nInteger gravida aliquet massa in suscipit. Sed tristique ipsum et magna consectetur varius at nec nisl. Pellentesque leo leo, feugiat non mauris eu, mollis suscipit est. Nulla euismod mi et ex pretium, ac lobortis diam mattis. Curabitur neque ligula, hendrerit nec porttitor sed, efficitur eu ligula. Aliquam sodales vel neque a pellentesque. Aenean tristique elit nisl, vitae efficitur quam consequat sed. Sed erat neque, bibendum ac metus in, egestas fringilla turpis. Fusce sit amet tincidunt nulla. Nunc vitae dignissim nibh, maximus varius metus. Maecenas nibh sapien, rutrum in dictum congue, dapibus in justo. In hendrerit lacus ac erat congue tincidunt. Nunc tortor lectus, viverra ac massa ut, tempor dictum diam. Aenean mattis scelerisque lacus. Vivamus eu diam leo.\r\n111\r\nNam pretium dignissim nunc, id viverra felis elementum quis. Nunc ornare sed nunc non dignissim. Donec iaculis odio tempor, egestas dolor quis, varius tellus. Proin porttitor sapien scelerisque, tristique metus nec, vestibulum ipsum. Donec auctor condimentum consectetur. Aliquam et est tortor. Donec at ante ut nunc euismod dictum sed ut sem. Sed dictum neque non interdum laoreet. Morbi sit amet sapien interdum, porttitor ante a, suscipit magna. In hac habitasse platea dictumst. Mauris ultrices odio turpis, quis tempus leo pharetra et. ',1,'2020-11-16 00:00:00','2020-08-08 00:00:00',3,''),(40,'Билл Гейтс рассказал, с чем человечество столкнётся в будущем','Билл Гейтс рассказал, что даже после пандемии коронавируса COVID-19 деловые поездки уже не вернутся к тому уровню, который существовал до 2020 года. Об этом пишет Inc.\r\n<img src=\"/files/1602771603_testcat-th.jpg\" class=\"img-fluid\">\r\n    Неужели через два или три года количество деловых поездок сократится на 50%? Вполне может быть. Раньше считалось, что, если вы продавец и звоните клиентам, чтобы предложить свою услугу, это несерьёзно. Но теперь цифровое подключение воспринимается обеими сторонами как более простое и эффективное.\r\n\r\nКроме того, основатель Microsoft подчеркнул, что за прошедший год человечество было вынуждено достичь такого прогресса, который в обычных условиях мог произойти лишь за 12 лет. Несмотря н это, то же программное обеспечение для совместной партнёрской работы должно будет только улучшаться.',1,'2020-11-09 00:00:00','2020-09-16 00:00:00',3,''),(41,'Microsoft навсегда отправит на удаленную работу часть своих сотрудников','Американская корпорация Microsoft позволит сотрудникам работать удаленно на постоянной основе. Об этом в пятницу сообщил портал The Verge со ссылкой на внутренний документ компании. В компании отметили, что будут покрывать затраты на домашние офисы для тех, кто решит навсегда перейти на удаленный режим.\r\n\r\nХотя сотрудникам будет разрешено удалённо работать из любой точки США или даже мира, компенсация и льготы будут варьироваться. Microsoft будет покрывать расходы на домашний офис для сотрудников, которые постоянно работают удалённо, но те, кто решит переехать из офиса Microsoft, должен будет оплатить свои расходы на переезд самостоятельно. Гибкий рабочий график тоже будет доступен без одобрения менеджера, а сотрудники могут запросить неполный рабочий день у руководства.\r\n\r\nПри этом часть сотрудников не сможет работать из дома постоянно. В этом списке — люди, которые имеют доступ к аппаратным лабораториям, дата-центрам и те, кто занимаются подготовкой новых кадров. Microsoft назвала новую политику «гибридной моделью», а не всеобъемлющим правилом работы из дома, которое внедрили другие технологические компании.',1,'2020-10-10 00:00:00','2020-09-17 00:00:00',2,''),(42,'Семь «секретных» фишек Telegram, которыми я пользуюсь каждый день','Я долго думал, что написать о Telegram во вступительном абзаце, но вы и так все прекрасно знаете — это лучший мессенджер на свете и у него есть куча полезных мелочей, без которых трудно представить свою онлайн-коммуникацию. Но я уверен, что даже активные пользователи Telegram знают далеко не о всех его фишках. Сегодня я решил рассказать о семи своих самых любимых. Поехали!\r\nМеню отправки: сообщение без звука и отложенное сообщение\r\n\r\n<b>Большая часть моего общения в Telegram — это деловая переписка. И именно в ней мне особенно бывает полезна пара возможностей, о которых я сейчас расскажу.</b>\r\n\r\nЕсли при отправке сообщения задержать палец на кнопке «отправить» (на ПК и Mac — правый клик), то появится всплывающее меню с двумя пунктами: «Отправить без звука» и «Отправить позже».',1,'2020-10-10 00:00:00','2020-09-17 00:00:00',3,''),(43,'Илон Маск рассказал, где лучше всего поселиться на Марсе','Основатель SpaceX выступил на конференции Mars Society Convention 2020 и рассказал о том, в какой части Марса наиболее подходящие условия для размещения людей, а также о приоритетной задаче первых покорителей Красной планеты.\r\n\r\nПо мнению Маска, люди захотят поселиться в северной части Марса, так как там есть лед. Его можно использовать для получения как топлива, так и кислорода, необходимого каждому человеку для жизни. Более того, в северной части Марса проще сажать космические аппараты.\r\n\r\nТакже глава Space X отметил, что одной из первоочередных задач первых людей на Марсе будет наладка качественной связи с Землей. Для этого Маск предлагает использовать мощные лазеры, которые будут обмениваться данными с Красной планетой, находясь на околоземной орбите.',1,'2020-10-17 00:00:00','2020-09-17 00:00:00',2,''),(44,'Обзор смартфона Redmi 9: эталон среднего сегмента','Смартфоны Xiaomi не нуждаются в дополнительном представлении: их популярность как на глобальном, так и на российском рынках обусловлена адекватными характеристиками за не менее адекватные деньги. Эта стратегия до сих пор актуальна, даже несмотря на недавние изменения в позиционировании.\r\n\r\nЛинейка Mi теперь ориентирована на премиальный сегмент, в то время как в Redmi акцент будет сделан на более доступных смартфонах. Сегодня поговорим о Redmi 9, бодром «бюджетнике» с набором всего необходимого на борту. ',1,'2020-10-17 00:00:00','2020-09-17 00:00:00',1,''),(45,'Пять товаров, которые стоит заказать на AliExpress в октябре','Продолжаю нашу рубрику, в которой мы рассказываем об интересных, качественных и действительно полезных товарах с AliExpress. То есть тех, которые покупаем там сами или советуем своим близким и друзьям.\r\n\r\nНапомню, что я сам любитель позависать на китайской площадке и неплохо разбираюсь в техно-брендах из Поднебесной. Поэтому надеюсь, что мой опыт и идеи для покупок будут вам полезны. Так что усаживайтесь поудобнее и поехали!\r\nИгровая мышь в классическом дизайне Xiaomi Gaming Mouse\r\n\r\nКак насчет продвинутой, симпатичной и удобной беспроводной мыши всего за пару тысяч рублей? У Xiaomi как раз именно такая имеется в ассортименте.',1,'2020-10-17 00:00:00','2020-09-17 00:00:00',1,''),(46,'В Google Maps появится индикатор загруженности магазинов','Представители компании сообщают, что новая функция будет запущена до конца 2020 года. Онлайн-индикатор позволит пользователям лучше оценивать ситуацию и по возможности избегать скоплений людей. Таким образом, в Google рассчитывают сократить число заражений коронавирусной инфекцией. Прямо на Картах пользователь сможет узнать, насколько загружены сейчас магазин, ресторан, заправка или аптек. Аналогичная информация показывается для пляжей, парков и других мест на открытом воздухе. При построении маршрута на карте отобразится загруженность ближайших заведений и общественных мест.',1,'2020-10-17 00:00:00','2020-09-17 00:00:00',1,''),(48,'Sony представила дисплей пространственной реальности за $5000','Компания Sony Electronics объявила о дебюте голографического дисплея Spatial Reality Display, который позволяет рассматривать 3D-модели без необходимости использования гарнитуры VR. Главным образом, новинка нацелена на творческих профессионалов из самых разных отраслей: от создателей автомобильного и промышленного дизайна, до дизайнеров компьютерной графики и создателей фильмов.',1,'2020-10-17 00:00:00','2020-09-17 00:00:00',3,''),(49,'Суд в США не разрешил удалить WeChat из магазинов Google и Apple','Суд в Соединенных Штатах отклонил решение Министерства торговли и запретил удалять китайское приложение WeChat из App Store и Google Play. Запрет должен был вступить в силу в воскресенье, 20 сентября. Об этом сообщило агентство Reuters со ссылкой на мирового судью США в Сан-Франциско Лорел Билер.\r\n\r\nРанее Министерство коммерции США запретило с 20 сентября распространять китайские приложения WeChat и TikTok, тогда пользователи WeChat подали коллективный иск в американский суд. Они просили аннулировать распоряжение министерства на основании первой поправки к Конституции США, которая гарантирует свободу слова и прессы. Как отметил Билер, истцы заявили, что для них WeChat является единственным средством связи в обществе, в том числе для китайцев с ограниченным знанием английского ',1,'2020-09-21 00:00:00','2020-09-21 00:00:00',2,''),(50,'В ходе недавной презентации, Xiaomi','В ходе недавной презентации, Xiaomi представила в России новый смартфон среднего класса POCO X3 с поддержкой NFC. При создании устройства Xiaomi руководствовалась стремлением предложить пользователям максимальную функциональность и производительность за доступные деньги. А одним из главных достоинств устройства является аккумуляторная батарея ёмкостью 5160 мА·ч.\r\n<img src=\"/files/1602072605_20201006_190605.jpg\" class=\"img-fluid\">\r\nggg',1,'2020-10-21 00:00:00','2020-10-07 00:00:00',1,'1602072605_20201006_190605.jpg'),(51,'Зонд «Осирис» успешно упаковал образцы материи астероида Бенну — они уже в пути на Землю','Из-за того, что OSIRIS-REx захватил слишком много материи астероида, пришлось полностью поменять наши планы и срочно разработать для манипулятора TAGSAM полностью новый алгоритм. Сейчас мы можем с определенностью сказать, что эта процедура завершилась успешно как благодаря нашим собственным усилиям, так и помощи наших коллег из других миссий NASA, которые пожертвовали своими временем для работы с антеннами дальней космической связи, – отметил Бернс.',1,'2020-11-01 00:00:00','2020-10-28 00:00:00',3,''),(54,'В Европе могут выпустить цифровой евро','Европейский центробанк организовал опрос жителей Евросоюза о цифровом евро. Об этом пишет «Медуза» со ссылкой на главу ЕЦБ Кристин Лагард. По её словам, начались публичные консультации, чтобы европейцы могли рассказать, хотели бы они использовать цифровой евро или нет.\r\n\r\nИсследование проводится с целью узнать мнение европейцев о возможности использования цифрового евро. Для того, чтобы поучаствовать в опросе, необходимо пройти регистрацию на сайте, указав страну проживания из предложенного списка.\r\n\r\nпроверка1',13,'2020-11-09 00:00:00','2020-11-02 00:00:00',1,'1602771603_testcat-th.jpg'),(55,'В Подмосковье для борьбы с коронавирусом вновь заблокируют социальные карты пенсионеров','Власти Московской области приняли решение вновь заблокировать социальные карты пожилых жителей региона и тех, у кого есть хронические заболевания, сообщает «Интерфакс».\r\n\r\nКак объявил губернатор Подмосковья Андрей Воробьев, соцкарты будут заблокированы со среды, 11 ноября.\r\n\r\nТакое решение, пояснил глава региона, принято в связи с тем, что заболевание COVID-19 у этих категорий жителей протекает особенно тяжело.\r\n\r\nКроме того Воробьев объявил о переводе с 16 ноября на дистанционное обучение студентов вузов и колледжей, расположенных на территории Московской области.',1,'2020-11-09 00:00:00','2020-11-09 00:00:00',1,NULL),(56,'В России выявили почти 22 тысячи новых случаев COVID-19. Это новый рекорд суточного прироста заболевших','Больше всего заболевших в Москве (+6897 человек за сутки), Петербурге (+1403) и Московской области (+660).\r\n\r\nКак сообщает оперативный штаб по борьбе с вирусом, общее число инфицированных в стране достигло 1 796 132 человек.\r\n\r\nЗа минувшие сутки от COVID-19 умерли еще 256 пациентов, а всего с начала распространения вируса в стране — 30 793 человека.\r\n\r\nВыздоровели в общей сложности 1 335 141 человек, в том числе 10 722 пациента выписались из больниц за минувшие сутки.\r\n\r\nЗа последние 24 часа в России проведены 526 тысяч тестов на коронавирус, а всего с начала эпидемии — свыше 65,2 миллиона лабораторных исследований, сообщает Роспотребнадзор.',1,'2020-11-09 00:00:00','2020-11-09 00:00:00',2,''),(57,'Путин уволил пятерых министров','Президент России Владимир Путин подписал указы об освобождении от должностей министра природных ресурсов и экологии Дмитрия Кобылкина, министра строительства и ЖКХ Владимира Якушева, министра транспорта Евгения Дитриха, а также министра энергетики Александра Новака и министра по развитию Дальнего Востока Александра Козлова.\r\n\r\nСразу же после подписания указов премьер Михаил Мишустин внес кандидатуру Козлова на пост нового главы Минприроды. Помимо этого, премьер предложил Госдуме назначить:\r\n\r\n    на пост главы Минэнерго — главу «Русгидро» Николая Шульгинова;\r\n    на пост главы Минтранса — главу «Аэрофлота» Виталия Савельева;\r\n    на пост главы Минстроя — первого замминистра Ирека Файзуллина;\r\n    на пост главы Минвостокразвития — главу Фонда развития Дальнего Востока Алексея Чекункова.\r\n\r\nНовака Мишустин предложил назначить 10-м вице-премьером правительства (до сих пор у премьера было девять заместителей). Владимир Якушев указом Путина назначен постпредом в Уральском федеральном округе — вместо уволенного Николая Цуканова. ',1,'2020-11-09 00:00:00','2020-11-09 00:00:00',1,NULL),(59,'5 известных случаев промышленного шпионажа','Вот 5 примечательных случаев промышленного шпионажа за последние несколько десятилетий.\r\nПромышленный шпионаж, иногда также называемый экономическим шпионажем, является очень серьезным преступлением, которое может нести за собой очень большие штрафы и наказания. Он довольно распространен и может дать конкуренту огромное преимущество на коммерческом рынке.\r\n\r\nЗдесь мы собрали 5 примечательных примеров промышленного шпионажа за последнее время и попытались ответить на некоторые распространенные вопросы на эту тему. ',13,'2020-11-09 00:00:00','2020-11-09 00:00:00',1,NULL),(60,'Пасхалки на вчерашней презентации Apple. Рассказываем и показываем','Вчера состоялась третья осенняя презентация Apple, которая была посвящена компьютерам Mac. Компания представила Mac mini и MacBook на ARM-процессоре собственной разработки:\r\nApple презентовала Mac и MacBook на ARM-процессоре. Главное\r\n10 ноября Apple провела третью осеннюю презентацию, которая посвящена компьютерам Mac.\r\nВладислав ВойтенкоКод Дурова\r\n\r\nВ конце презентации показали видеоролик с персонажем PC Guy — пародией на ПК других компаний. Он является героем рекламной кампании «I\'m a Mac, and I\'m a PC» из середины 2000-х, в котором Apple призывала пользователей перейти на Mac.',1,'2020-11-12 00:00:00','2020-11-12 00:00:00',1,NULL),(61,'Google закроет образовательное VR-приложение Expeditions','В следующем году Google закроет приложение Expeditions, позволяющее совершать образовательные VR-туры. Значительная часть контента будет перенесена в приложение Art & Culture, которое может использоваться как на компьютерах, так и на телефонах.\r\n\r\nСообщение о прекращении работы Expeditions было опубликовано в блоге разработчиков Google. Там же было сказано, что этот шаг направлен на то, чтобы сделать виртуальные образовательные туры более доступными для студентов и преподавателей.\r\n\r\nGoogle запустила Expeditions в 2015 году на волне популярности решений для виртуальной реальности, в том числе на основе смартфонов (VR-Cardboard). Сервис позволяет посещать сотни мест, таких как известные музеи, галереи, памятники архитектуры и т.д. Таким образом можно изучать достопримечательности, плавать рядом с акулами или выйти в открытый космос.',1,'2020-11-16 00:00:00','2020-11-16 00:00:00',1,NULL),(64,'Сегодня во Владивостоке вечером слабый дождь','Во вторник, 17 ноября, во Владивостоке вечером слабый дождь (30%). Ветер южный, юго-восточный 6...11 м/с (умеренный), во второй половине дня порывы до 15 м/с (сильный). Температура 6...8 °C.\r\n\r\nВ Приморье вечером местами небольшие осадки (дождь, мокрый снег, 40%). Ветер южный 6...11 м/с (умеренный). Температура 4...9 °C, на севере -2...3 °C.\r\n',1,'2020-11-17 00:00:00','2020-11-17 00:00:00',1,NULL);
/*!40000 ALTER TABLE `posts` ENABLE KEYS */;
UNLOCK TABLES;

--
-- Table structure for table `roles`
--

DROP TABLE IF EXISTS `roles`;
/*!40101 SET @saved_cs_client     = @@character_set_client */;
/*!40101 SET character_set_client = utf8 */;
CREATE TABLE `roles` (
  `id` int(11) NOT NULL AUTO_INCREMENT,
  `name` varchar(64) NOT NULL,
  PRIMARY KEY (`id`)
) ENGINE=InnoDB AUTO_INCREMENT=5 DEFAULT CHARSET=utf8;
/*!40101 SET character_set_client = @saved_cs_client */;

--
-- Dumping data for table `roles`
--

LOCK TABLES `roles` WRITE;
/*!40000 ALTER TABLE `roles` DISABLE KEYS */;
INSERT INTO `roles` VALUES (1,'Администратор'),(2,'Менеджер'),(3,'Пользователь');
/*!40000 ALTER TABLE `roles` ENABLE KEYS */;
UNLOCK TABLES;

--
-- Table structure for table `routes`
--

DROP TABLE IF EXISTS `routes`;
/*!40101 SET @saved_cs_client     = @@character_set_client */;
/*!40101 SET character_set_client = utf8 */;
CREATE TABLE `routes` (
  `id` int(11) NOT NULL AUTO_INCREMENT,
  `method` varchar(32) NOT NULL,
  `route` varchar(128) NOT NULL,
  `controller` varchar(128) NOT NULL,
  `data` varchar(256) NOT NULL,
  PRIMARY KEY (`id`)
) ENGINE=InnoDB AUTO_INCREMENT=75 DEFAULT CHARSET=utf8;
/*!40101 SET character_set_client = @saved_cs_client */;

--
-- Dumping data for table `routes`
--

LOCK TABLES `routes` WRITE;
/*!40000 ALTER TABLE `routes` DISABLE KEYS */;
INSERT INTO `routes` VALUES (5,'GET','main/','MainController','{\"title\":\"Главная страница\"}'),(6,'GET','main/*','MainController','{\"title\":\"Главная страница\"}'),(9,'GET','post/*','PostController','{\"title\":\"Post Page\"}'),(19,'GET','category/*/page/*','CategoryController','{\"title\":\"Category Page\"}'),(20,'GET','admin','Admin\\PanelController','{\"title\":\"Control Panel\",\"access\":2}'),(25,'GET','page/*','PageController','{\"title\":\"Page Page\"}'),(26,'GET','admin/postlist','Admin\\PostListController','{\"title\":\"Admin Postlist\",\"access\":2}'),(27,'GET','admin/linklist','Admin\\LinkListController','{\"title\":\"Admin Linklist\",\"access\":1}'),(28,'GET','admin/pagelist','Admin\\PageListController','{\"title\":\"Admin Pagelist\",\"access\":1}'),(29,'GET','admin/postlist/*','Admin\\PostListController','{\"title\":\"Admin Postlist\",\"access\":2}'),(30,'GET','editpost/*','Admin\\EditPostController','{\"title\":\"Admin Edit Post\",\"access\":2}'),(31,'GET','editlink/*','Admin\\EditLinkController','{\"title\":\"Admin Edit Link\",\"access\":1}'),(32,'GET','editpost','Admin\\EditPostController','{\"title\":\"Admin Edit Post\",\"access\":2}'),(33,'GET','editlink','Admin\\EditLinkController','{\"title\":\"Admin Edit Link\",\"access\":1}'),(34,'GET','editpage/*','Admin\\EditPageController','{\"title\":\"Admin Edit page\",\"access\":1}'),(35,'GET','editpage','Admin\\EditPageController','{\"title\":\"Admin Add Page\",\"access\":1}'),(37,'GET','admin/userlist','Admin\\UserListController','{\"title\":\"Admin User List\",\"access\":1}'),(38,'GET','admin/catlist','Admin\\CatListController','{\"title\":\"Admin Category list\",\"access\":1}'),(39,'GET','admin/editcat','Admin\\EditCatController','{\"title\":\"Admin Edit Category\",\"access\":1}'),(40,'GET','admin/editcat/*','Admin\\EditCatController','{\"title\":\"Admin Edit Category\",\"access\":1}'),(43,'GET','admin/comments/*','Admin\\CommentsController','{\"title\":\"Comments Page\",\"access\":2}'),(44,'GET','editcomment/*','Admin\\EditCommentController','{\"title\":\"Edit comment\",\"access\":2}'),(45,'GET','admin/subscribtions','Admin\\SubscribtionsListController','{\"title\":\"Admin Subscribtions\",\"access\":1}'),(46,'GET','subscribe','SubscribeController','{\"title\":\"Subscribe\"}'),(47,'GET','admin/settings','Admin\\SettingsController','{\"title\":\"Settings\",\"access\":1}'),(49,'GET','admin/files','Admin\\FilesController','{\"title\":\"Files\",\"access\":1}'),(50,'GET','admin/upload','Admin\\UploadController','{\"title\":\"Upload File\",\"access\":1}'),(51,'GET','unsubscribe/*','UnsubscribeController','{\"title\":\"unsubscribe\"}'),(53,'POST','subscribe','SubscribeController','{\"title\":\"Subscribe\"}'),(54,'POST','editpost','Admin\\EditPostController','{\"title\":\"Admin Edit Post\",\"access\":2}'),(55,'POST','admin/comments','Admin\\CommentsController','{\"title\":\"Comments Page\",\"access\":2}'),(56,'POST','editcomment','Admin\\EditCommentController','{\"title\":\"Edit comment\",\"access\":2}'),(57,'POST','admin/editcat','Admin\\EditCatController','{\"title\":\"Admin Edit Category\",\"access\":1}'),(58,'POST','admin/files','Admin\\FilesController','{\"title\":\"Files\",\"access\":2}'),(59,'POST','admin/upload','Admin\\UploadController','{\"title\":\"Upload File\",\"access\":2}'),(60,'POST','admin/linklist','Admin\\LinkListController','{\"title\":\"Admin Linklist\",\"access\":1}'),(61,'POST','editlink','Admin\\EditLinkController','{\"title\":\"Admin Edit Link\",\"access\":1}'),(62,'POST','editpage','Admin\\EditPageController','{\"title\":\"edit Page\",\"access\":1}'),(63,'POST','admin/subscribtions','Admin\\SubscribtionsListController','{\"title\":\"Admin Subscribtions\",\"access\":1}'),(65,'POST','post','PostController','{\"title\":\"Post Page\"}'),(66,'POST','main','MainController','{\"title\":\"Главная страница\"}'),(67,'GET','profile','ProfileController','{\"title\":\"Profile Page\"}'),(68,'POST','profile','ProfileController','{\"title\":\"Profile Page\"}'),(69,'GET','profile/*','ProfileController','{\"title\":\"Profile page\"}'),(70,'GET','admin/postlist/*/*','Admin\\PostListController','{\"title\":\"Admin Postlist\",\"access\":2}'),(71,'GET','admin/postlist','Admin\\PostListController','{\"title\":\"Admin Postlist\",\"access\":2}'),(72,'GET','profile/*/*','ProfileController','{\"title\":\"Profile Page\",\"access\":1}'),(73,'GET','admin/comments/*/*','Admin\\CommentsController','{\"title\":\"Comments Page\",\"access\":2}'),(74,'GET','admin/files/*','Admin\\FilesController','{\"title\":\"Files\",\"access\":1}');
/*!40000 ALTER TABLE `routes` ENABLE KEYS */;
UNLOCK TABLES;

--
-- Table structure for table `subscribtions`
--

DROP TABLE IF EXISTS `subscribtions`;
/*!40101 SET @saved_cs_client     = @@character_set_client */;
/*!40101 SET character_set_client = utf8 */;
CREATE TABLE `subscribtions` (
  `id` int(11) NOT NULL AUTO_INCREMENT,
  `email` varchar(128) NOT NULL,
  `unsubscribe` varchar(64) NOT NULL,
  PRIMARY KEY (`id`),
  UNIQUE KEY `email` (`email`)
) ENGINE=InnoDB AUTO_INCREMENT=29 DEFAULT CHARSET=utf8;
/*!40101 SET character_set_client = @saved_cs_client */;

--
-- Dumping data for table `subscribtions`
--

LOCK TABLES `subscribtions` WRITE;
/*!40000 ALTER TABLE `subscribtions` DISABLE KEYS */;
INSERT INTO `subscribtions` VALUES (28,'user@test.local','4051');
/*!40000 ALTER TABLE `subscribtions` ENABLE KEYS */;
UNLOCK TABLES;

--
-- Table structure for table `topmenu`
--

DROP TABLE IF EXISTS `topmenu`;
/*!40101 SET @saved_cs_client     = @@character_set_client */;
/*!40101 SET character_set_client = utf8 */;
CREATE TABLE `topmenu` (
  `id` int(11) NOT NULL AUTO_INCREMENT,
  `title` varchar(128) NOT NULL,
  `url` varchar(128) NOT NULL,
  PRIMARY KEY (`id`)
) ENGINE=InnoDB AUTO_INCREMENT=4 DEFAULT CHARSET=utf8;
/*!40101 SET character_set_client = @saved_cs_client */;

--
-- Dumping data for table `topmenu`
--

LOCK TABLES `topmenu` WRITE;
/*!40000 ALTER TABLE `topmenu` DISABLE KEYS */;
INSERT INTO `topmenu` VALUES (1,'ссылка топменю 1','https://google.com'),(2,'ссылка топменю 2','https://vl.ru'),(3,'ссылка топменю 3','https://ya.ru');
/*!40000 ALTER TABLE `topmenu` ENABLE KEYS */;
UNLOCK TABLES;

--
-- Table structure for table `user_role`
--

DROP TABLE IF EXISTS `user_role`;
/*!40101 SET @saved_cs_client     = @@character_set_client */;
/*!40101 SET character_set_client = utf8 */;
CREATE TABLE `user_role` (
  `user_id` int(11) NOT NULL,
  `role_id` int(11) NOT NULL,
  UNIQUE KEY `user_id` (`user_id`) USING BTREE,
  KEY `role_id` (`role_id`),
  CONSTRAINT `user_role_ibfk_1` FOREIGN KEY (`user_id`) REFERENCES `users` (`id`),
  CONSTRAINT `user_role_ibfk_2` FOREIGN KEY (`role_id`) REFERENCES `roles` (`id`)
) ENGINE=InnoDB DEFAULT CHARSET=utf8;
/*!40101 SET character_set_client = @saved_cs_client */;

--
-- Dumping data for table `user_role`
--

LOCK TABLES `user_role` WRITE;
/*!40000 ALTER TABLE `user_role` DISABLE KEYS */;
INSERT INTO `user_role` VALUES (1,1),(2,2),(3,3),(13,3);
/*!40000 ALTER TABLE `user_role` ENABLE KEYS */;
UNLOCK TABLES;

--
-- Table structure for table `users`
--

DROP TABLE IF EXISTS `users`;
/*!40101 SET @saved_cs_client     = @@character_set_client */;
/*!40101 SET character_set_client = utf8 */;
CREATE TABLE `users` (
  `id` int(11) NOT NULL AUTO_INCREMENT,
  `name` varchar(128) NOT NULL,
  `password` varchar(128) NOT NULL,
  `email` varchar(128) NOT NULL,
  `subscribed` tinyint(4) NOT NULL DEFAULT '0',
  `userpic` varchar(128) DEFAULT NULL,
  `about` text,
  PRIMARY KEY (`id`)
) ENGINE=InnoDB AUTO_INCREMENT=52 DEFAULT CHARSET=utf8;
/*!40101 SET character_set_client = @saved_cs_client */;

--
-- Dumping data for table `users`
--

LOCK TABLES `users` WRITE;
/*!40000 ALTER TABLE `users` DISABLE KEYS */;
INSERT INTO `users` VALUES (1,'admin','$2y$10$2fZ3QM2eXLRBcMdCQGeP0eFRnXcagPatdxMv0ogc40YZi9UNnpDFO','admin@test.local',1,'resized_1603200399_4hUTCc248CCmrV2GmjLxkg.jpg','Это поле может быть заполнено пользователем и содержит информацию о нём. Это учётная запись администратора с максимальными правами. Админ контролирует весь сайт, его пользователей и контент.\r\n\r\nпароль: 111'),(2,'mngr','$2y$10$ZoGuG5gv6E8ji9NcxgOQcudgvzXxOWk4JNvPV4ug2piY4y2AOPwpy','mngr@test.local',1,'resized_1602771985_67846.jpg','Просто менеджер и всё.\r\n\r\nпароль: 111'),(3,'user','$2y$10$HiBuVJYBxovcUs7WZnSpreEPm9PJwOLR8uok.1CS1F3TE3IQD.Aj6','user@test.local',0,'resized_1605587101_755540270893657.jpg','пароль : 111'),(13,'user1','$2y$10$4ZQ5ZoA72MUkJKh7q8ZqKeqaFqqJyowPdwU9PRfXuyWc8RF1t.FaK','user1@test.local',0,'resized_1605091286_pretty-cat-katerina-kovatcheva.jpg','пароль 111\r\nПроверка страница обо мне.');
/*!40000 ALTER TABLE `users` ENABLE KEYS */;
UNLOCK TABLES;
/*!40103 SET TIME_ZONE=@OLD_TIME_ZONE */;

/*!40101 SET SQL_MODE=@OLD_SQL_MODE */;
/*!40014 SET FOREIGN_KEY_CHECKS=@OLD_FOREIGN_KEY_CHECKS */;
/*!40014 SET UNIQUE_CHECKS=@OLD_UNIQUE_CHECKS */;
/*!40101 SET CHARACTER_SET_CLIENT=@OLD_CHARACTER_SET_CLIENT */;
/*!40101 SET CHARACTER_SET_RESULTS=@OLD_CHARACTER_SET_RESULTS */;
/*!40101 SET COLLATION_CONNECTION=@OLD_COLLATION_CONNECTION */;
/*!40111 SET SQL_NOTES=@OLD_SQL_NOTES */;

-- Dump completed on 2020-11-19 19:23:19
